cds_code,high_school,city,county,applicants_pre,admits_pre,enrollees_pre,applicant_gpa_pre,admit_gpa_pre,enrollee_gpa_pre,frpm_pct_pre,ag_completion_rate_pre,admit_rate_pre,yield_rate_pre,enrollment_rate_pre,enrollee_applicant_gpa_gap_pre,enrollee_admit_gpa_gap_pre,window_pre,applicants_post,admits_post,enrollees_post,applicant_gpa_post,admit_gpa_post,enrollee_gpa_post,frpm_pct_post,ag_completion_rate_post,admit_rate_post,yield_rate_post,enrollment_rate_post,enrollee_applicant_gpa_gap_post,enrollee_admit_gpa_gap_post,window_post,admit_rate_change,applicant_gpa_change,admit_gpa_change,enrollee_gpa_change,enrollee_applicant_gpa_gap_change,enrollee_admit_gpa_gap_change,yield_rate_change,post_minus_pre_score
38684783834082.0,MISSION SENIOR HIGH SCHOOL,San Francisco,San Francisco,302.0,185.0,122.0,3.8191,3.830103093,3.9679166669999995,0.5839896645576039,55.53333333333333,0.6125827814569537,0.6594594594594595,0.40397350993377484,0.1488166669999993,0.1378135739999995,Pre-test-blind (2017-2019),424.0,398.0,202.0,3.8191,3.830103093,3.967916667,0.5970893399958491,62.25,0.9386792452830188,0.507537688442211,0.47641509433962265,0.14881666699999974,0.13781357399999994,Post-test-blind (2022-2025),0.32609646382606516,0.0,0.0,4.440892098500626e-16,4.440892098500626e-16,4.440892098500626e-16,-0.15192177101724846,6.714737163673828
38684783839081.0,GEORGE WASHINGTON HIGH SCHOOL,San Francisco,San Francisco,701.0,390.0,250.0,3.8965480430000006,3.949356223,4.051487603,0.5440706714076706,68.8,0.5563480741797432,0.6410256410256411,0.3566333808844508,0.15493955999999942,0.10213137999999988,Pre-test-blind (2017-2019),1155.0,870.0,517.0,3.896548043,3.949356223,4.051487603,0.4952967501689556,74.075,0.7532467532467533,0.5942528735632184,0.44761904761904764,0.15493955999999987,0.10213137999999988,Post-test-blind (2022-2025),0.19689867906701009,-4.440892098500626e-16,0.0,0.0,4.440892098500626e-16,0.0,-0.04677276746242265,6.691658892993211
7100740114470.0,MAKING WAVES ACADEMY,Richmond,Contra Costa,132.0,68.0,41.0,3.7859375000000006,3.8098305079999997,3.924761905,0.8445868578297434,100.0,0.5151515151515151,0.6029411764705882,0.3106060606060606,0.13882440499999937,0.11493139700000032,Pre-test-blind (2017-2019),225.0,213.0,94.0,3.7859375,3.809830508,3.924761905,0.8055073853615843,96.125,0.9466666666666667,0.4413145539906103,0.4177777777777778,0.13882440499999982,0.11493139699999988,Post-test-blind (2022-2025),0.4315151515151515,-4.440892098500626e-16,4.440892098500626e-16,0.0,4.440892098500626e-16,-4.440892098500626e-16,-0.1616266224799779,6.472727272727273
1750930132704.0,DUBLIN HIGH SCHOOL,Dublin,Alameda,744.0,507.0,263.0,3.8599423079999995,3.8984334759999997,3.952692308,0.1021063714982706,71.26666666666667,0.6814516129032258,0.5187376725838264,0.353494623655914,0.09275000000000055,0.05425883200000037,Pre-test-blind (2017-2019),2023.0,1669.0,838.0,3.859942308,3.898433476,3.952692308,0.11201756455904831,80.05,0.8250123578843302,0.5020970641102457,0.41423628274839347,0.09275000000000011,0.054258831999999924,Post-test-blind (2022-2025),0.1435607449811045,4.440892098500626e-16,4.440892098500626e-16,0.0,-4.440892098500626e-16,-4.440892098500626e-16,-0.01664060847358073,6.457042497269831
38684783831765.0,GALILEO ACAD OF SCIENCE & TECH,San Francisco,San Francisco,628.0,349.0,220.0,3.83259434,3.9425000000000003,4.000707965,0.6993975460876868,68.03333333333335,0.5557324840764332,0.6303724928366762,0.3503184713375796,0.16811362500000016,0.058207964999999806,Pre-test-blind (2017-2019),921.0,696.0,407.0,3.83259434,3.9425,4.000707965,0.5947922719320407,68.175,0.755700325732899,0.5847701149425287,0.44191096634093374,0.16811362500000016,0.05820796500000025,Post-test-blind (2022-2025),0.19996784165646586,0.0,-4.440892098500626e-16,0.0,0.0,4.440892098500626e-16,-0.04560237789414745,6.068620421372762
7618040113118.0,DOUGHERTY VALLEY HIGH SCHOOL,San Ramon,Contra Costa,1537.0,1140.0,576.0,3.845567485,3.890238908,3.968339623,0.0631623937907489,80.06666666666666,0.741704619388419,0.5052631578947369,0.3747560182173064,0.12277213799999975,0.07810071499999971,Pre-test-blind (2017-2019),2591.0,2218.0,1180.0,3.845567485,3.890238908,3.968339623,0.08112191688184686,74.125,0.8560401389424932,0.5320108205590622,0.45542261675028944,0.12277213799999975,0.07810071499999971,Post-test-blind (2022-2025),0.11433551955407417,0.0,0.0,0.0,0.0,0.0,0.026747662664325378,5.819891337742905
38684783833241.0,ABRAHAM LINCOLN HIGH SCHOOL,San Francisco,San Francisco,718.0,416.0,272.0,3.8974999999999995,4.005362319,4.101428571,0.5071557956914807,63.26666666666667,0.5793871866295265,0.6538461538461539,0.3788300835654596,0.20392857100000006,0.09606625199999996,Pre-test-blind (2017-2019),1049.0,778.0,502.0,3.8975,4.005362319,4.101428571,0.5107760335775812,62.474999999999994,0.7416587225929456,0.6452442159383034,0.47855100095328884,0.20392857099999961,0.09606625199999996,Post-test-blind (2022-2025),0.16227153596341914,4.440892098500626e-16,0.0,0.0,-4.440892098500626e-16,0.0,-0.008601937907850465,5.255694235944445
1612590137943.0,SKYLINE HIGH SCHOOL,Oakland,Alameda,331.0,181.0,137.0,3.849008264,3.989690722,4.076538462,0.7441866457526226,47.86666666666667,0.5468277945619335,0.7569060773480663,0.41389728096676737,0.22753019800000018,0.08684774000000006,Pre-test-blind (2017-2019),516.0,394.0,213.0,3.849008264,3.989690722,4.076538462,0.7507792534813721,67.65,0.7635658914728682,0.5406091370558376,0.4127906976744186,0.22753019800000018,0.08684774000000006,Post-test-blind (2022-2025),0.2167380969109347,0.0,0.0,0.0,0.0,0.0,-0.21629694029222868,4.923343149601503
43694274330692.0,EVERGREEN VALLEY HIGH SCHOOL,San Jose,Santa Clara,1034.0,692.0,393.0,3.8187654320000006,3.884011976,3.9550657890000003,0.17073318041113664,68.86666666666666,0.6692456479690522,0.5679190751445087,0.38007736943907156,0.13630035699999965,0.07105381300000024,Pre-test-blind (2017-2019),1711.0,1346.0,667.0,3.818765432,3.884011976,3.955065789,0.1837083371766155,75.65,0.7866744593804793,0.49554234769687966,0.3898305084745763,0.13630035699999965,0.0710538129999998,Post-test-blind (2022-2025),0.11742881141142714,-4.440892098500626e-16,0.0,-4.440892098500626e-16,0.0,-4.440892098500626e-16,-0.07237672744762902,4.85735304022627
1751010130583.0,AMADOR VALLEY HIGH SCHOOL,Pleasanton,Alameda,978.0,669.0,326.0,3.859924242,3.917963526,3.985342466,0.06388530913719641,74.56666666666666,0.6840490797546013,0.4872944693572496,0.3333333333333333,0.12541822400000013,0.06737894000000022,Pre-test-blind (2017-2019),1585.0,1274.0,584.0,3.859924242,3.917963526,3.985342466,0.0766387181021327,82.125,0.8037854889589905,0.45839874411302983,0.36845425867507886,0.12541822400000013,0.06737894000000022,Post-test-blind (2022-2025),0.11973640920438922,0.0,0.0,0.0,0.0,0.0,-0.028895725244219794,4.766952924806379
1612590125161.0,CASTLEMONT HIGH SCHOOL,Oakland,Alameda,54.0,20.0,9.0,3.528461538,3.555909091,3.83,0.8869590908382889,34.86666666666667,0.37037037037037035,0.45,0.16666666666666666,0.3015384619999999,0.2740909089999999,Pre-test-blind (2017-2019),91.0,77.0,27.0,3.528461538,3.555909091,3.83,0.9884846244350743,35.325,0.8461538461538461,0.35064935064935066,0.2967032967032967,0.3015384619999999,0.2740909089999999,Post-test-blind (2022-2025),0.4757834757834758,0.0,0.0,0.0,0.0,0.0,-0.09935064935064936,4.538685089362676
7618040730051.0,CALIFORNIA HIGH SCHOOL,San Ramon,Contra Costa,847.0,539.0,285.0,3.91474934,3.951795666,4.005605096,0.06316316001086662,70.13333333333334,0.6363636363636364,0.5287569573283859,0.3364817001180638,0.09085575599999984,0.053809429999999825,Pre-test-blind (2017-2019),1543.0,1154.0,593.0,3.91474934,3.951795666,4.005605096,0.08377163959918284,65.675,0.7478937135450421,0.5138648180242634,0.3843162670123137,0.09085575599999984,0.053809429999999825,Post-test-blind (2022-2025),0.11153007718140573,0.0,0.0,0.0,0.0,0.0,-0.014892139304122476,4.381017276058993
1611760138693.0,WASHINGTON HIGH SCHOOL,Fremont,Alameda,466.0,306.0,179.0,3.8498378380000005,3.8717791409999998,4.008,0.2620413659550848,53.06666666666666,0.6566523605150214,0.5849673202614379,0.38412017167381973,0.15816216199999955,0.13622085900000025,Pre-test-blind (2017-2019),794.0,641.0,328.0,3.849837838,3.871779141,4.008,0.31221826602617,66.15,0.8073047858942065,0.5117004680187207,0.41309823677581864,0.158162162,0.1362208589999998,Post-test-blind (2022-2025),0.1506524253791851,-4.440892098500626e-16,4.440892098500626e-16,0.0,4.440892098500626e-16,-4.440892098500626e-16,-0.07326685224271723,4.245084887074576
1611760134270.0,IRVINGTON HIGH SCHOOL,Fremont,Alameda,952.0,720.0,418.0,3.8989863009999994,3.923579882,3.97122093,0.1462351840541065,70.83333333333333,0.7563025210084033,0.5805555555555556,0.43907563025210083,0.07223462900000044,0.04764104800000002,Pre-test-blind (2017-2019),1531.0,1314.0,663.0,3.898986301,3.923579882,3.97122093,0.20710632253216232,84.625,0.8582625734813847,0.5045662100456622,0.43305029392553884,0.072234629,0.04764104800000002,Post-test-blind (2022-2025),0.10196005247298134,4.440892098500626e-16,0.0,0.0,-4.440892098500626e-16,0.0,-0.07598934550989345,3.9894924328476606
21654662133262.0,SAN RAFAEL HIGH SCHOOL,San Rafael,Marin,229.0,124.0,65.0,3.84475,3.8570769229999997,3.985,0.6128419662875534,57.46666666666667,0.5414847161572053,0.5241935483870968,0.2838427947598253,0.14024999999999999,0.12792307700000016,Pre-test-blind (2017-2019),367.0,275.0,124.0,3.84475,3.857076923,3.985,0.7045082495292875,57.425,0.7493188010899182,0.4509090909090909,0.33787465940054495,0.14024999999999999,0.12792307699999972,Post-test-blind (2022-2025),0.20783408493271294,0.0,4.440892098500626e-16,0.0,0.0,-4.440892098500626e-16,-0.07328445747800583,3.981528289181587
1612590125716.0,FREMONT HIGH SCHOOL,Oakland,Alameda,92.0,44.0,17.0,3.6958536589999995,3.844516129,3.905,0.9148754948689689,39.9,0.4782608695652174,0.38636363636363635,0.18478260869565216,0.2091463410000003,0.060483870999999745,Pre-test-blind (2017-2019),172.0,134.0,39.0,3.695853659,3.844516129,3.905,0.9847076110922037,61.6,0.7790697674418605,0.291044776119403,0.22674418604651161,0.20914634099999985,0.060483870999999745,Post-test-blind (2022-2025),0.3008088978766431,4.440892098500626e-16,0.0,0.0,-4.440892098500626e-16,0.0,-0.09531886024423336,3.9450717107782514
43696744330122.0,SANTA CLARA HIGH SCHOOL,Santa Clara,Santa Clara,369.0,210.0,116.0,3.966078431,4.031111111,4.14952381,0.4075395686999947,46.333333333333336,0.5691056910569106,0.5523809523809524,0.3143631436314363,0.1834453789999997,0.1184126989999994,Pre-test-blind (2017-2019),617.0,448.0,212.0,3.966078431,4.031111111,4.14952381,0.3076783207664858,56.375,0.7260940032414911,0.4732142857142857,0.34359805510534847,0.1834453789999997,0.1184126989999994,Post-test-blind (2022-2025),0.15698831218458054,0.0,0.0,0.0,0.0,0.0,-0.07916666666666672,3.8995087780772555
43696660129718.0,DOWNTOWN COLG PREP EL PRIMERO,San Jose,Santa Clara,92.0,47.0,25.0,3.661276596,3.774736842,3.82375,0.8393853808686845,,0.5108695652173914,0.5319148936170213,0.2717391304347826,0.162473404,0.04901315800000017,Pre-test-blind (2017-2019),183.0,146.0,41.0,3.661276596,3.774736842,3.82375,0.8088178342213009,,0.7978142076502732,0.2808219178082192,0.22404371584699453,0.162473404,0.04901315800000017,Post-test-blind (2022-2025),0.28694464243288187,0.0,0.0,0.0,0.0,0.0,-0.2510929758088021,3.881715173892979
7617960735902.0,RICHMOND HIGH SCHOOL,Richmond,Contra Costa,240.0,141.0,84.0,3.512753623,3.618448276,3.8376,0.8926328040699043,39.0,0.5875,0.5957446808510638,0.35,0.3248463770000001,0.21915172400000005,Pre-test-blind (2017-2019),281.0,230.0,89.0,3.512753623,3.618448276,3.8376,0.8024180598449638,34.0,0.8185053380782918,0.3869565217391304,0.3167259786476868,0.3248463770000001,0.21915172400000005,Post-test-blind (2022-2025),0.23100533807829182,0.0,0.0,0.0,0.0,0.0,-0.20878815911193338,3.8723550983874295
43733874334470.0,MILPITAS HIGH SCHOOL,Milpitas,Santa Clara,749.0,483.0,294.0,3.843250883,3.8780590720000006,3.984326923,0.3139106996058982,58.93333333333334,0.6448598130841121,0.6086956521739131,0.3925233644859813,0.14107603999999974,0.10626785099999925,Pre-test-blind (2017-2019),1251.0,941.0,471.0,3.843250883,3.878059072,3.984326923,0.3918902882390171,61.85,0.7521982414068745,0.5005313496280552,0.3764988009592326,0.14107603999999974,0.10626785099999969,Post-test-blind (2022-2025),0.10733842832276241,0.0,-4.440892098500626e-16,0.0,0.0,4.440892098500626e-16,-0.10816430254585785,3.796504218580009
41690624130993.0,CARLMONT HIGH SCHOOL,Belmont,San Mateo,841.0,538.0,302.0,3.972271468,4.022544803,4.074772727,0.11100754075134377,71.76666666666667,0.6397146254458977,0.5613382899628253,0.3590963139120095,0.10250125899999984,0.052227924000000314,Pre-test-blind (2017-2019),1417.0,1048.0,490.0,3.972271468,4.022544803,4.074772727,0.08959352204655051,75.875,0.739590684544813,0.4675572519083969,0.3458009880028229,0.10250125899999984,0.052227924000000314,Post-test-blind (2022-2025),0.09987605909891528,0.0,0.0,0.0,0.0,0.0,-0.09378103805442839,3.759640530112052
1613090130849.0,ARROYO HIGH SCHOOL,San Lorenzo,Alameda,310.0,178.0,118.0,3.9046728969999998,3.962527473,4.111875,0.5025062552207005,53.199999999999996,0.5741935483870968,0.6629213483146067,0.38064516129032255,0.20720210300000064,0.1493475270000002,Pre-test-blind (2017-2019),453.0,340.0,186.0,3.904672897,3.962527473,4.111875,0.6775022933863616,49.975,0.7505518763796909,0.5470588235294118,0.4105960264900662,0.2072021030000002,0.1493475270000002,Post-test-blind (2022-2025),0.1763583279925941,4.440892098500626e-16,0.0,0.0,-4.440892098500626e-16,0.0,-0.11586252478519488,3.753574791197261
1612590106906.0,BAY AREA TECHNOLOGY-BAYTECH,Oakland,Alameda,22.0,4.0,4.0,4.021578947,4.073125,4.1425,0.6184902054467272,100.0,0.18181818181818182,1.0,0.18181818181818182,0.120921053,0.06937499999999996,Pre-test-blind (2017-2019),32.0,27.0,12.0,4.021578947,4.073125,4.1425,0.8326670474014849,99.0,0.84375,0.4444444444444444,0.375,0.120921053,0.06937499999999996,Post-test-blind (2022-2025),0.6619318181818181,0.0,0.0,0.0,0.0,0.0,-0.5555555555555556,3.7444518185560356
1612590112797.0,COLISEUM COLLEGE PREP ACADEMY,Oakland,Alameda,105.0,69.0,40.0,3.799302326,3.799302326,4.037333333,0.9422150025268934,54.133333333333326,0.6571428571428571,0.5797101449275363,0.38095238095238093,0.23803100700000046,0.23803100700000046,Pre-test-blind (2017-2019),155.0,148.0,65.0,3.799302326,3.799302326,4.037333333,0.9788060990500015,89.075,0.9548387096774194,0.4391891891891892,0.41935483870967744,0.23803100700000046,0.23803100700000046,Post-test-blind (2022-2025),0.2976958525345622,0.0,0.0,0.0,0.0,0.0,-0.14052095573834705,3.706283474792959
38684783830254.0,PHILLIP & SALA BURTON ACAD HS,San Francisco,San Francisco,290.0,164.0,94.0,3.89827957,4.040422535,4.145531915,0.6398108280188862,59.300000000000004,0.5655172413793104,0.573170731707317,0.32413793103448274,0.24725234500000015,0.10510938000000003,Pre-test-blind (2017-2019),408.0,304.0,170.0,3.89827957,4.040422535,4.145531915,0.6351057921545379,65.225,0.7450980392156863,0.5592105263157895,0.4166666666666667,0.24725234500000015,0.10510938000000003,Post-test-blind (2022-2025),0.17958079783637593,0.0,0.0,0.0,0.0,0.0,-0.013960205391527536,3.627354309166961
1612340130054.0,NEWARK MEMORIAL HIGH SCHOOL,Newark,Alameda,210.0,109.0,51.0,4.044886364,4.103676471,4.179714286,0.4495613582726083,36.5,0.5190476190476191,0.46788990825688076,0.24285714285714285,0.13482792200000038,0.07603781500000029,Pre-test-blind (2017-2019),374.0,264.0,146.0,4.044886364,4.103676471,4.179714286,0.4133506343542194,45.0,0.7058823529411765,0.553030303030303,0.39037433155080214,0.13482792200000038,0.07603781500000029,Post-test-blind (2022-2025),0.18683473389355743,0.0,0.0,0.0,0.0,0.0,0.08514039477342222,3.613211791898529
43694014330239.0,LEIGH HIGH SCHOOL,San Jose,Santa Clara,454.0,272.0,137.0,3.921735537,3.969705882,4.028695652,0.0789589431103684,73.66666666666667,0.5991189427312775,0.5036764705882353,0.30176211453744495,0.10696011499999969,0.05898976999999972,Pre-test-blind (2017-2019),800.0,581.0,271.0,3.921735537,3.969705882,4.028695652,0.1821731943829424,78.35,0.72625,0.4664371772805508,0.33875,0.10696011499999969,0.05898976999999972,Post-test-blind (2022-2025),0.12713105726872242,0.0,0.0,0.0,0.0,0.0,-0.037239293307684496,3.5958093077651583
28662662830016.0,VINTAGE HIGH SCHOOL,Napa,Napa,231.0,114.0,63.0,3.9240277780000006,3.998727273,4.050869565,0.40370558455292516,55.1,0.4935064935064935,0.5526315789473685,0.2727272727272727,0.1268417869999996,0.05214229200000009,Pre-test-blind (2017-2019),378.0,255.0,109.0,3.924027778,3.998727273,4.050869565,0.5518152536569668,50.525,0.6746031746031746,0.42745098039215684,0.28835978835978837,0.12684178700000004,0.05214229200000009,Post-test-blind (2022-2025),0.18109668109668114,-4.440892098500626e-16,0.0,0.0,4.440892098500626e-16,0.0,-0.12518059855521163,3.5209218945895526
43696740135970.0,MISSION EARLY COLLEGE HIGH SCH,Santa Clara,Santa Clara,20.0,9.0,6.0,3.975428571,4.011785714,4.18,0.4678217821782178,46.65,0.45,0.6666666666666666,0.3,0.20457142899999958,0.16821428599999955,Pre-test-blind (2017-2019),100.0,80.0,38.0,3.975428571,4.011785714,4.18,0.30135600080955266,94.525,0.8,0.475,0.38,0.20457142899999958,0.16821428599999955,Post-test-blind (2022-2025),0.35000000000000003,0.0,0.0,0.0,0.0,0.0,-0.19166666666666665,3.5000000000000004
,SAN FRANCISCO INTERNATIONAL HS,San Francisco,San Francisco,65.0,35.0,18.0,3.847666667,3.915714286,3.944761905,,,0.5384615384615384,0.5142857142857142,0.27692307692307694,0.09709523800000008,0.02904761899999997,Pre-test-blind (2017-2019),84.0,77.0,51.0,3.847666667,3.915714286,3.944761905,,,0.9166666666666666,0.6623376623376623,0.6071428571428571,0.09709523800000008,0.02904761899999997,Post-test-blind (2022-2025),0.3782051282051282,0.0,0.0,0.0,0.0,0.0,0.1480519480519481,3.4663072564409556
21654172132272.0,NOVATO HIGH SCHOOL,Novato,Marin,271.0,140.0,64.0,3.856213592,3.9597333330000004,4.1,0.3458905932404703,56.56666666666666,0.5166051660516605,0.45714285714285713,0.23616236162361623,0.24378640799999962,0.14026666699999923,Pre-test-blind (2017-2019),445.0,303.0,140.0,3.856213592,3.959733333,4.1,0.3968589101041486,57.175,0.6808988764044944,0.46204620462046203,0.3146067415730337,0.24378640799999962,0.14026666699999968,Post-test-blind (2022-2025),0.1642937103528339,0.0,-4.440892098500626e-16,0.0,0.0,4.440892098500626e-16,0.004903347477604902,3.465779616676152
1612590100701.0,METWEST HIGH SCHOOL,Oakland,Alameda,59.0,27.0,13.0,3.7580952380000006,3.804736842,3.84625,0.7749008536667339,83.23333333333333,0.4576271186440678,0.48148148148148145,0.22033898305084745,0.08815476199999939,0.04151315799999988,Pre-test-blind (2017-2019),109.0,86.0,44.0,3.758095238,3.804736842,3.84625,0.8332192952446116,84.2,0.7889908256880734,0.5116279069767442,0.4036697247706422,0.08815476199999983,0.04151315799999988,Post-test-blind (2022-2025),0.33136370704400564,-4.440892098500626e-16,0.0,0.0,4.440892098500626e-16,0.0,0.030146425495262752,3.459538667468261
1612590108944.0,LIGHTHOUSE COMMUNITY CHAR HS,Oakland,Alameda,99.0,48.0,32.0,3.591212121,3.6614814810000005,3.6533333330000004,0.8002747252747252,65.39999999999999,0.48484848484848486,0.6666666666666666,0.32323232323232326,0.062121212000000536,-0.008148148000000077,Pre-test-blind (2017-2019),122.0,97.0,32.0,3.591212121,3.661481481,3.653333333,0.9379135074531555,89.2,0.7950819672131147,0.32989690721649484,0.26229508196721313,0.06212121200000009,-0.008148148000000077,Post-test-blind (2022-2025),0.3102334823646299,0.0,-4.440892098500626e-16,-4.440892098500626e-16,-4.440892098500626e-16,0.0,-0.3367697594501718,3.4266408123365344
49708624930012.0,CASA GRANDE HIGH SCHOOL,Petaluma,Sonoma,224.0,113.0,56.0,3.9469565219999994,3.987037037,4.096666667,0.3680081227697552,44.26666666666667,0.5044642857142857,0.49557522123893805,0.25,0.14971014500000068,0.10962963000000014,Pre-test-blind (2017-2019),348.0,239.0,112.0,3.946956522,3.987037037,4.096666667,0.46086590194922294,49.425,0.6867816091954023,0.4686192468619247,0.3218390804597701,0.14971014500000024,0.10962963000000014,Post-test-blind (2022-2025),0.18231732348111662,4.440892098500626e-16,0.0,0.0,-4.440892098500626e-16,0.0,-0.02695597437701336,3.4010855681059695
1612420134668.0,JAMES LOGAN HIGH SCHOOL,Union City,Alameda,750.0,437.0,239.0,3.836853448,3.908378378,4.022268041,0.4518543448438412,53.43333333333334,0.5826666666666667,0.5469107551487414,0.31866666666666665,0.1854145930000004,0.11388966300000014,Pre-test-blind (2017-2019),987.0,681.0,351.0,3.836853448,3.908378378,4.022268041,0.46402047450547457,52.8,0.6899696048632219,0.5154185022026432,0.3556231003039514,0.1854145930000004,0.11388966300000014,Post-test-blind (2022-2025),0.10730293819655523,0.0,0.0,0.0,0.0,0.0,-0.031492252946098254,3.3710887823551565
43694684331799.0,CUPERTINO HIGH SCHOOL,Cupertino,Santa Clara,1109.0,863.0,440.0,4.014802432,4.042763158,4.093382353,0.0891424064408393,83.2,0.7781785392245266,0.5098493626882966,0.39675383228133454,0.07857992100000022,0.05061919500000034,Pre-test-blind (2017-2019),1499.0,1296.0,618.0,4.014802432,4.042763158,4.093382353,0.08984067999252288,85.325,0.8645763842561708,0.47685185185185186,0.4122748498999333,0.07857992100000022,0.05061919500000034,Post-test-blind (2022-2025),0.08639784503164416,0.0,0.0,0.0,0.0,0.0,-0.032997510836444754,3.345058572213929
41690624138053.0,WOODSIDE HIGH SCHOOL,Woodside,San Mateo,400.0,215.0,91.0,3.9557228919999994,4.033902439,4.121521739,0.36370177475435245,66.3,0.5375,0.4232558139534884,0.2275,0.16579884700000092,0.08761930000000007,Pre-test-blind (2017-2019),689.0,458.0,199.0,3.955722892,4.033902439,4.121521739,0.2719896143625746,70.05,0.6647314949201741,0.4344978165938865,0.2888243831640058,0.16579884700000047,0.08761930000000007,Post-test-blind (2022-2025),0.12723149492017416,4.440892098500626e-16,0.0,0.0,-4.440892098500626e-16,0.0,0.011242002640398097,3.3396752721544303
48705734837803.0,VACAVILLE HIGH SCHOOL,Vacaville,Solano,201.0,104.0,70.0,3.983037975,4.052131148,4.136875,0.33577562921152887,60.9,0.5174129353233831,0.6730769230769231,0.3482587064676617,0.15383702500000007,0.0847438519999999,Pre-test-blind (2017-2019),351.0,244.0,103.0,3.983037975,4.052131148,4.136875,0.4040588225769588,59.875,0.6951566951566952,0.42213114754098363,0.2934472934472934,0.15383702500000007,0.0847438519999999,Post-test-blind (2022-2025),0.17774375983331214,0.0,0.0,0.0,0.0,0.0,-0.2509457755359395,3.3300282731605195
1611760130062.0,AMERICAN HIGH SCHOOL,Fremont,Alameda,744.0,580.0,358.0,3.9508068460000003,3.988552279,4.063434343,0.18697846585207156,68.83333333333333,0.7795698924731183,0.6172413793103448,0.48118279569892475,0.11262749699999963,0.07488206400000008,Pre-test-blind (2017-2019),1579.0,1363.0,725.0,3.950806846,3.988552279,4.063434343,0.1993863798063785,75.575,0.863204559848005,0.5319148936170213,0.4591513616212793,0.11262749700000008,0.07488206400000008,Post-test-blind (2022-2025),0.08363466737488678,-4.440892098500626e-16,0.0,0.0,4.440892098500626e-16,0.0,-0.08532648569332357,3.323360081262284
7617960735316.0,PINOLE VALLEY HIGH SCHOOL,Pinole,Contra Costa,167.0,95.0,68.0,3.871466667,3.91968254,4.006896552,0.6012290236262938,41.43333333333333,0.5688622754491018,0.7157894736842105,0.40718562874251496,0.13542988499999975,0.08721401199999956,Pre-test-blind (2017-2019),288.0,219.0,120.0,3.871466667,3.91968254,4.006896552,0.5269138991466381,48.475,0.7604166666666666,0.547945205479452,0.4166666666666667,0.13542988499999975,0.08721401199999956,Post-test-blind (2022-2025),0.1915543912175648,0.0,0.0,0.0,0.0,0.0,-0.1678442682047585,3.2507858159040213
1751010130096.0,FOOTHILL HIGH SCHOOL,Pleasanton,Alameda,744.0,532.0,276.0,3.9115181520000006,3.936387833,4.0135,0.08231823291092137,70.03333333333333,0.7150537634408602,0.518796992481203,0.3709677419354839,0.10198184799999899,0.07711216699999968,Pre-test-blind (2017-2019),1261.0,1017.0,470.0,3.911518152,3.936387833,4.0135,0.0816845525184324,82.8,0.8065027755749405,0.46214355948869223,0.37272006344171293,0.10198184799999943,0.07711216699999968,Post-test-blind (2022-2025),0.0914490121340803,-4.440892098500626e-16,0.0,0.0,4.440892098500626e-16,0.0,-0.0566534329925108,3.2474057977710835
43694274330015.0,YERBA BUENA HIGH SCHOOL,San Jose,Santa Clara,333.0,210.0,132.0,3.945423729,4.020510204,4.198372093,0.7194559335645155,40.36666666666667,0.6306306306306306,0.6285714285714286,0.3963963963963964,0.25294836399999987,0.17786188899999988,Pre-test-blind (2017-2019),446.0,348.0,170.0,3.945423729,4.020510204,4.198372093,0.5363163033180313,53.15,0.7802690582959642,0.4885057471264368,0.3811659192825112,0.25294836399999987,0.17786188899999988,Post-test-blind (2022-2025),0.14963842766533353,0.0,0.0,0.0,0.0,0.0,-0.14006568144499176,3.160170870258814
43694274335428.0,WILLIAM C OVERFELT HIGH SCHOOL,San Jose,Santa Clara,207.0,114.0,50.0,3.735,3.8159523810000002,4.013571429,0.8517282299265595,43.46666666666667,0.5507246376811594,0.43859649122807015,0.24154589371980675,0.27857142899999987,0.19761904799999952,Pre-test-blind (2017-2019),198.0,153.0,42.0,3.735,3.815952381,4.013571429,0.54790355833452,35.725,0.7727272727272727,0.27450980392156865,0.21212121212121213,0.27857142899999987,0.19761904799999996,Post-test-blind (2022-2025),0.22200263504611328,0.0,-4.440892098500626e-16,0.0,0.0,4.440892098500626e-16,-0.1640866873065015,3.1238539744278566
1612910137588.0,SAN LEANDRO HIGH SCHOOL,San Leandro,Alameda,414.0,238.0,137.0,3.8050967740000003,3.900162602,4.026153846,0.5874034780732508,41.03333333333333,0.5748792270531401,0.5756302521008403,0.3309178743961353,0.22105707199999935,0.12599124399999972,Pre-test-blind (2017-2019),630.0,439.0,244.0,3.805096774,3.900162602,4.026153846,0.7156387463090409,46.55,0.6968253968253968,0.5558086560364465,0.3873015873015873,0.2210570719999998,0.12599124399999972,Post-test-blind (2022-2025),0.1219461697722567,-4.440892098500626e-16,0.0,0.0,4.440892098500626e-16,0.0,-0.01982159606439382,3.060824569121555
1612590135905.0,OAKLAND HIGH SCHOOL,Oakland,Alameda,286.0,173.0,122.0,3.80728,3.9347,4.07490566,0.8726289090693085,55.166666666666664,0.6048951048951049,0.7052023121387283,0.42657342657342656,0.26762565999999977,0.1402056599999999,Pre-test-blind (2017-2019),489.0,363.0,218.0,3.80728,3.9347,4.07490566,0.8979216701147646,62.925,0.7423312883435583,0.6005509641873278,0.4458077709611452,0.26762565999999977,0.1402056599999999,Post-test-blind (2022-2025),0.13743618344845343,0.0,0.0,0.0,0.0,0.0,-0.10465134795140052,3.039173655898726
49709534937256.0,SONOMA VALLEY HIGH SCHOOL,Sonoma,Sonoma,218.0,104.0,61.0,3.809661017,3.895576923,3.993846154,0.5393372497919404,51.699999999999996,0.47706422018348627,0.5865384615384616,0.2798165137614679,0.18418513700000005,0.09826923099999973,Pre-test-blind (2017-2019),292.0,191.0,96.0,3.809661017,3.895576923,3.993846154,0.4127028975841544,52.375,0.6541095890410958,0.5026178010471204,0.3287671232876712,0.18418513700000005,0.09826923099999973,Post-test-blind (2022-2025),0.17704536885760958,0.0,0.0,0.0,0.0,0.0,-0.08392066049134117,3.0253525892210797
1612590115667.0,OAKLAND INTERNATIONAL HIGH SCH,Oakland,Alameda,49.0,22.0,8.0,3.842,3.842,3.892,0.9662364098663693,57.86666666666667,0.4489795918367347,0.36363636363636365,0.16326530612244897,0.04999999999999982,0.04999999999999982,Pre-test-blind (2017-2019),55.0,47.0,13.0,3.842,3.842,3.892,0.9858162742081804,71.525,0.8545454545454545,0.2765957446808511,0.23636363636363636,0.04999999999999982,0.04999999999999982,Post-test-blind (2022-2025),0.4055658627087198,0.0,0.0,0.0,0.0,0.0,-0.08704061895551257,3.0077569374380553
43696414335782.0,PALO ALTO SENIOR HIGH SCHOOL,Palo Alto,Santa Clara,924.0,579.0,185.0,3.992330383,4.025779468,4.056585366,0.08912804399837272,83.63333333333334,0.6266233766233766,0.31951640759930916,0.2002164502164502,0.0642549830000001,0.030805898000000553,Pre-test-blind (2017-2019),1390.0,983.0,327.0,3.992330383,4.025779468,4.056585366,0.11427696997044252,92.8,0.7071942446043166,0.3326551373346897,0.23525179856115108,0.0642549830000001,0.030805898000000553,Post-test-blind (2022-2025),0.08057086798093993,0.0,0.0,0.0,0.0,0.0,0.01313872973538055,3.003899802991247
49708624935151.0,PETALUMA HIGH SCHOOL,Petaluma,Sonoma,234.0,127.0,72.0,3.962727273,4.023666667,4.141071429,0.26995160191609746,51.4,0.5427350427350427,0.5669291338582677,0.3076923076923077,0.1783441560000001,0.1174047620000005,Pre-test-blind (2017-2019),347.0,244.0,119.0,3.962727273,4.023666667,4.141071429,0.4056030914982263,57.25,0.7031700288184438,0.48770491803278687,0.34293948126801155,0.1783441560000001,0.1174047620000005,Post-test-blind (2022-2025),0.16043498608340112,0.0,0.0,0.0,0.0,0.0,-0.07922421582548084,2.9885726545584674
43696664333795.0,ABRAHAM LINCOLN HIGH SCHOOL,San Jose,Santa Clara,328.0,186.0,82.0,3.946744186,4.001764706,4.127931034,0.5491395644842927,34.0,0.5670731707317073,0.44086021505376344,0.25,0.1811868480000003,0.12616632800000005,Pre-test-blind (2017-2019),396.0,284.0,132.0,3.946744186,4.001764706,4.127931034,0.5520892814046879,47.7,0.7171717171717171,0.4647887323943662,0.3333333333333333,0.1811868480000003,0.12616632800000005,Post-test-blind (2022-2025),0.15009854644000986,0.0,0.0,0.0,0.0,0.0,0.02392851734060275,2.9869233607154877
,SOJOURNER TRUTH INDEPENDENT STUDY,Oakland,Alameda,6.0,0.0,0.0,3.443333333,,,,,0.0,,0.0,,,Pre-test-blind (2017-2019),26.0,15.0,0.0,3.443333333,,,,,0.5769230769230769,0.0,0.0,,,Post-test-blind (2022-2025),0.5769230769230769,0.0,,,,,,2.94174202707276
41690474136370.0,SAN MATEO HIGH SCHOOL,San Mateo,San Mateo,434.0,280.0,123.0,3.892716049,3.923153846,4.066078431,0.3366094011206588,64.56666666666666,0.6451612903225806,0.4392857142857143,0.2834101382488479,0.1733623820000001,0.14292458500000027,Pre-test-blind (2017-2019),717.0,541.0,250.0,3.892716049,3.923153846,4.066078431,0.3189085108425644,59.95,0.7545327754532776,0.46210720887245843,0.3486750348675035,0.1733623820000001,0.14292458500000027,Post-test-blind (2022-2025),0.10937148513069694,0.0,0.0,0.0,0.0,0.0,0.02282149458674415,2.9286244726322948
1612590110189.0,MCCLYMONDS HIGH SCHOOL,Oakland,Alameda,72.0,23.0,12.0,3.5476470590000004,3.7911111110000006,,0.8754288861635461,51.300000000000004,0.3194444444444444,0.5217391304347826,0.16666666666666666,,,Pre-test-blind (2017-2019),85.0,54.0,17.0,3.547647059,3.791111111,,0.9369304539250152,62.1,0.6352941176470588,0.3148148148148148,0.2,,,Post-test-blind (2022-2025),0.31584967320261437,-4.440892098500626e-16,-4.440892098500626e-16,,,,-0.20692431561996777,2.9119901039129332
43694684334462.0,MONTA VISTA HIGH SCHOOL,Cupertino,Santa Clara,1366.0,1079.0,524.0,3.980810811,4.014362018,4.041086957,0.0358638598784407,91.36666666666667,0.7898975109809663,0.4856348470806302,0.383601756954612,0.060276146000000086,0.02672493900000017,Pre-test-blind (2017-2019),1534.0,1324.0,560.0,3.980810811,4.014362018,4.041086957,0.0552667312334483,92.15,0.863102998696219,0.4229607250755287,0.3650586701434159,0.060276146000000086,0.02672493900000017,Post-test-blind (2022-2025),0.0732054877152527,0.0,0.0,0.0,0.0,0.0,-0.06267412200510153,2.86718897600374
38684783833407.0,LOWELL HIGH SCHOOL,San Francisco,San Francisco,1632.0,1196.0,707.0,3.872692308,3.958579088,4.050945274,0.3637261180342362,91.03333333333335,0.7328431372549019,0.5911371237458194,0.4332107843137255,0.17825296600000007,0.09236618600000002,Pre-test-blind (2017-2019),2181.0,1732.0,1032.0,3.872692308,3.958579088,4.050945274,0.39470284395760885,89.65,0.7941311325080238,0.5958429561200924,0.4731774415405777,0.17825296600000007,0.09236618600000002,Post-test-blind (2022-2025),0.061287995253121896,0.0,0.0,0.0,0.0,0.0,0.004705832374273022,2.862221558133111
1611680132746.0,EMERY SECONDARY SCHOOL,Emeryville,Alameda,31.0,13.0,3.0,3.70047619,3.742777778,4.025,0.7466976111691773,33.666666666666664,0.41935483870967744,0.23076923076923078,0.0967741935483871,0.3245238100000005,0.28222222200000013,Pre-test-blind (2017-2019),80.0,59.0,26.0,3.70047619,3.742777778,4.025,0.563626425190836,29.025,0.7375,0.4406779661016949,0.325,0.3245238100000005,0.28222222200000013,Post-test-blind (2022-2025),0.3181451612903226,0.0,0.0,0.0,0.0,0.0,0.20990873533246412,2.8455768294311845
1612590114868.0,OAKLAND CHARTER HIGH SCHOOL,Oakland,Alameda,205.0,129.0,80.0,4.018,4.042222222,4.130952381,0.7020140166818255,63.5,0.6292682926829268,0.6201550387596899,0.3902439024390244,0.11295238100000038,0.08873015899999981,Pre-test-blind (2017-2019),222.0,182.0,111.0,4.018,4.042222222,4.130952381,0.7413259263442628,97.85,0.8198198198198198,0.6098901098901099,0.5,0.11295238100000038,0.08873015899999981,Post-test-blind (2022-2025),0.19055152713689294,0.0,0.0,0.0,0.0,0.0,-0.01026492886957997,2.839153810154155
43694274332995.0,ANDREW P HILL HIGH SCHOOL,San Jose,Santa Clara,262.0,154.0,93.0,3.8981632649999995,3.929487179,4.02,0.6388175011575582,40.333333333333336,0.5877862595419847,0.6038961038961039,0.3549618320610687,0.12183673500000003,0.09051282099999947,Pre-test-blind (2017-2019),239.0,184.0,89.0,3.898163265,3.929487179,4.02,0.5885651691855333,38.05,0.7698744769874477,0.483695652173913,0.3723849372384937,0.12183673499999959,0.09051282099999947,Post-test-blind (2022-2025),0.182088217445463,4.440892098500626e-16,0.0,0.0,-4.440892098500626e-16,0.0,-0.1202004517221909,2.8150155283513847
43694274337903.0,SILVER CREEK HIGH SCHOOL,San Jose,Santa Clara,563.0,327.0,168.0,3.820977011,3.9271851850000004,4.043770492,0.3981889190049008,57.63333333333333,0.5808170515097691,0.5137614678899083,0.2984014209591474,0.22279348100000007,0.1165853069999998,Pre-test-blind (2017-2019),761.0,518.0,254.0,3.820977011,3.927185185,4.043770492,0.3616992184943439,61.025,0.6806833114323259,0.49034749034749037,0.33377135348226017,0.22279348100000007,0.11658530700000025,Post-test-blind (2022-2025),0.09986625992255671,0.0,-4.440892098500626e-16,0.0,0.0,4.440892098500626e-16,-0.02341397754241792,2.7549334604977047
7617960733659.0,JOHN F KENNEDY HIGH SCHOOL,Richmond,Contra Costa,63.0,39.0,30.0,3.655,3.781666667,3.7608333329999994,0.9099518154075317,35.199999999999996,0.6190476190476191,0.7692307692307693,0.47619047619047616,0.10583333299999964,-0.020833334000000647,Pre-test-blind (2017-2019),104.0,92.0,52.0,3.655,3.781666667,3.760833333,0.6647252433036152,27.225,0.8846153846153846,0.5652173913043478,0.5,0.10583333300000008,-0.020833334000000203,Post-test-blind (2022-2025),0.2655677655677655,0.0,0.0,4.440892098500626e-16,4.440892098500626e-16,4.440892098500626e-16,-0.2040133779264215,2.7082704376225406
41689244135075.0,OCEANA HIGH SCHOOL,Pacifica,San Mateo,118.0,67.0,41.0,4.033174603,4.061509434,4.183,0.2662608689364192,72.39999999999999,0.5677966101694916,0.6119402985074627,0.3474576271186441,0.14982539699999986,0.12149056599999941,Pre-test-blind (2017-2019),207.0,156.0,89.0,4.033174603,4.061509434,4.183,0.18947808305651223,76.05,0.7536231884057971,0.5705128205128205,0.42995169082125606,0.14982539699999986,0.12149056599999941,Post-test-blind (2022-2025),0.18582657823630555,0.0,0.0,0.0,0.0,0.0,-0.04142747799464219,2.6735788853250346
43695344337762.0,SARATOGA HIGH SCHOOL,Saratoga,Santa Clara,715.0,510.0,155.0,3.9906172840000003,4.011182266,4.058269231,0.014931338752536267,90.26666666666667,0.7132867132867133,0.30392156862745096,0.21678321678321677,0.06765194699999943,0.04708696500000009,Pre-test-blind (2017-2019),981.0,783.0,242.0,3.990617284,4.011182266,4.058269231,0.06752927762152029,90.975,0.7981651376146789,0.3090676883780332,0.24668705402650357,0.06765194699999988,0.04708696500000009,Post-test-blind (2022-2025),0.08487842432796555,-4.440892098500626e-16,0.0,0.0,4.440892098500626e-16,0.0,0.0051461197505822676,2.658470297931991
41689404135331.0,PESCADERO HIGH SCHOOL,Pescadero,San Mateo,12.0,0.0,0.0,3.642,,,0.575213956550362,41.2,0.0,,0.0,,,Pre-test-blind (2017-2019),24.0,13.0,4.0,3.642,,,0.3647243294164311,47.0,0.5416666666666666,0.3076923076923077,0.16666666666666666,,,Post-test-blind (2022-2025),0.5416666666666666,0.0,,,,,,2.653613888015109
43694270131995.0,ROBERTO CRUZ LEADERSHIP ACDMY,San Jose,Santa Clara,17.0,6.0,0.0,3.67125,4.031666667,,0.8333333333333334,48.9,0.35294117647058826,0.0,0.0,,,Pre-test-blind (2017-2019),42.0,32.0,6.0,3.67125,4.031666667,,0.8433287947394531,42.25,0.7619047619047619,0.1875,0.14285714285714285,,,Post-test-blind (2022-2025),0.4089635854341736,0.0,0.0,,,,0.1875,2.6503869522900487
43696094334116.0,LOS ALTOS HIGH SCHOOL,Los Altos,Santa Clara,788.0,559.0,226.0,3.944414414,3.995291971,4.018222222,0.17663892649607982,72.93333333333334,0.7093908629441624,0.40429338103756707,0.2868020304568528,0.0738078080000002,0.022930251000000457,Pre-test-blind (2017-2019),1330.0,1040.0,386.0,3.944414414,3.995291971,4.018222222,0.14951984663144713,79.4,0.7819548872180451,0.37115384615384617,0.29022556390977444,0.0738078080000002,0.022930251000000457,Post-test-blind (2022-2025),0.07256402427388264,0.0,0.0,0.0,0.0,0.0,-0.0331395348837209,2.6463493784894387
1611920135319.0,MOUNT EDEN HIGH SCHOOL,Hayward,Alameda,339.0,210.0,121.0,3.836185567,3.8767073169999997,3.943571429,0.6398073285263893,49.6,0.6194690265486725,0.5761904761904761,0.35693215339233036,0.10738586200000011,0.0668641120000002,Pre-test-blind (2017-2019),398.0,299.0,125.0,3.836185567,3.876707317,3.943571429,0.7456710289897616,45.475,0.7512562814070352,0.4180602006688963,0.314070351758794,0.10738586200000011,0.06686411199999975,Post-test-blind (2022-2025),0.13178725485836262,0.0,4.440892098500626e-16,0.0,0.0,-4.440892098500626e-16,-0.15813027552157982,2.629147477064572
1612000133397.0,GRANADA HIGH SCHOOL,Livermore,Alameda,412.0,227.0,118.0,3.979382716,4.016692308,4.06942029,0.18505801355563292,46.86666666666667,0.5509708737864077,0.5198237885462555,0.28640776699029125,0.09003757400000012,0.052727982000000395,Pre-test-blind (2017-2019),673.0,439.0,215.0,3.979382716,4.016692308,4.06942029,0.18165240691943318,64.225,0.6523031203566122,0.489749430523918,0.31946508172362553,0.09003757400000012,0.052727982000000395,Post-test-blind (2022-2025),0.10133224657020445,0.0,0.0,0.0,0.0,0.0,-0.030074358022337544,2.6287858191970015
43694274334900.0,MOUNT PLEASANT HIGH SCHOOL,San Jose,Santa Clara,157.0,91.0,46.0,3.858205128,3.892571429,4.055714286,0.6723912300382766,43.56666666666666,0.5796178343949044,0.5054945054945055,0.2929936305732484,0.1975091579999999,0.16314285699999953,Pre-test-blind (2017-2019),166.0,130.0,54.0,3.858205128,3.892571429,4.055714286,0.5374914551006634,38.6,0.7831325301204819,0.4153846153846154,0.3253012048192771,0.1975091579999999,0.16314285699999953,Post-test-blind (2022-2025),0.20351469572557745,0.0,0.0,0.0,0.0,0.0,-0.09010989010989007,2.622103432067764
41690624133716.0,MENLO ATHERTON HIGH SCHOOL,Atherton,San Mateo,648.0,393.0,133.0,3.925689655,3.977904192,3.976119403,0.37950164657618085,64.4,0.6064814814814815,0.3384223918575064,0.2052469135802469,0.05042974800000044,-0.0017847889999997868,Pre-test-blind (2017-2019),910.0,629.0,241.0,3.925689655,3.977904192,3.976119403,0.32283587194072255,65.975,0.6912087912087912,0.383147853736089,0.26483516483516484,0.05042974800000044,-0.0017847889999997868,Post-test-blind (2022-2025),0.08472730972730969,0.0,0.0,0.0,0.0,0.0,0.04472546187858262,2.555901500919195
1611920127944.0,HAYWARD TWIN OAKS MONTESSORI,Hayward,Alameda,40.0,15.0,12.0,4.085555556,4.1025,,0.5607296203626478,98.10000000000001,0.375,0.8,0.3,,,Pre-test-blind (2017-2019),53.0,38.0,13.0,4.085555556,4.1025,,0.4121011394798189,86.02499999999999,0.7169811320754716,0.34210526315789475,0.24528301886792453,,,Post-test-blind (2022-2025),0.34198113207547165,0.0,0.0,,,,-0.4578947368421053,2.4896602215699883
1612590130666.0,ASPIRE LIONEL WILSON COLG PREP,Oakland,Alameda,87.0,45.0,20.0,3.8349999999999995,3.8505,3.896666667,0.8871567267683774,96.33333333333333,0.5172413793103449,0.4444444444444444,0.22988505747126436,0.06166666700000034,0.04616666700000005,Pre-test-blind (2017-2019),87.0,68.0,32.0,3.835,3.8505,3.896666667,0.8432045346619418,76.775,0.7816091954022989,0.47058823529411764,0.367816091954023,0.0616666669999999,0.04616666700000005,Post-test-blind (2022-2025),0.26436781609195403,4.440892098500626e-16,0.0,0.0,-4.440892098500626e-16,0.0,0.02614379084967322,2.4658588301269284
7617960732941.0,EL CERRITO HIGH SCHOOL,El Cerrito,Contra Costa,354.0,243.0,140.0,3.895454545,3.972302158,4.065540541,0.4445037196649349,53.06666666666666,0.6864406779661016,0.5761316872427984,0.3954802259887006,0.17008599599999963,0.09323838299999965,Pre-test-blind (2017-2019),634.0,497.0,285.0,3.895454545,3.972302158,4.065540541,0.4004300384809571,61.4,0.7839116719242902,0.5734406438631791,0.44952681388012616,0.17008599599999963,0.09323838299999965,Post-test-blind (2022-2025),0.09747099395818859,0.0,0.0,0.0,0.0,0.0,-0.00269104337961934,2.4542569173717426
1100170130625.0,ALTERNATIVES IN ACTION HIGH SCHOOL,Oakland,Alameda,41.0,0.0,0.0,3.350833333,3.58625,,,,0.0,,0.0,,,Pre-test-blind (2017-2019),61.0,19.0,0.0,3.350833333,3.58625,,0.9102417498643914,60.349999999999994,0.3114754098360656,0.0,0.0,,,Post-test-blind (2022-2025),0.3114754098360656,0.0,0.0,,,,,2.4327007187250236
41690474130738.0,CAPUCHINO HIGH SCHOOL,San Bruno,San Mateo,217.0,130.0,77.0,3.993518519,4.060243902,4.16,0.3300590124541822,61.93333333333334,0.5990783410138248,0.5923076923076923,0.3548387096774194,0.16648148099999993,0.09975609800000029,Pre-test-blind (2017-2019),323.0,236.0,105.0,3.993518519,4.060243902,4.16,0.2980984897198017,63.875,0.7306501547987616,0.4449152542372881,0.32507739938080493,0.16648148099999993,0.09975609800000029,Post-test-blind (2022-2025),0.13157181378493676,0.0,0.0,0.0,0.0,0.0,-0.1473924380704042,2.3646350511228067
,ACADEMY-SAN FRAN @ MCATEER,San Francisco,San Francisco,56.0,27.0,21.0,3.91625,4.085833333,4.131111111,,,0.48214285714285715,0.7777777777777778,0.375,0.21486111100000027,0.04527777799999999,Pre-test-blind (2017-2019),92.0,67.0,39.0,3.91625,4.085833333,4.131111111,,,0.7282608695652174,0.582089552238806,0.42391304347826086,0.21486111100000027,0.04527777799999999,Post-test-blind (2022-2025),0.24611801242236025,0.0,0.0,0.0,0.0,0.0,-0.1956882255389718,2.3606810448604536
7616480117218.0,DOZIER-LIBBEY MEDICAL HIGH SCH,Antioch,Contra Costa,106.0,51.0,35.0,3.76,3.943870968,4.062352941,0.5381924977027487,50.1,0.4811320754716981,0.6862745098039216,0.330188679245283,0.30235294100000054,0.11848197300000018,Pre-test-blind (2017-2019),169.0,112.0,61.0,3.76,3.943870968,4.062352941,0.7682623575877363,45.975,0.6627218934911243,0.5446428571428571,0.3609467455621302,0.30235294100000054,0.11848197300000018,Post-test-blind (2022-2025),0.1815898180194262,0.0,0.0,0.0,0.0,0.0,-0.14163165266106448,2.3606676342525406
43694270125617.0,ACE CHARTER HIGH SCHOOL,San Jose,Santa Clara,32.0,19.0,16.0,3.5790476189999993,3.695333333,3.878,0.8532907911363466,100.0,0.59375,0.8421052631578947,0.5,0.29895238100000077,0.1826666669999999,Pre-test-blind (2017-2019),89.0,75.0,21.0,3.579047619,3.695333333,3.878,0.8640639102558096,92.35,0.8426966292134831,0.28,0.23595505617977527,0.2989523810000003,0.1826666669999999,Post-test-blind (2022-2025),0.2489466292134831,4.440892098500626e-16,0.0,0.0,-4.440892098500626e-16,0.0,-0.5621052631578947,2.3485578028890908
43694840114496.0,DR TJ OWENS GILROY EARLY COLG,Gilroy,Santa Clara,136.0,81.0,49.0,3.851818182,3.988837209,4.0175,0.34745291138733764,87.89999999999999,0.5955882352941176,0.6049382716049383,0.3602941176470588,0.16568181799999993,0.02866279099999991,Pre-test-blind (2017-2019),215.0,162.0,95.0,3.851818182,3.988837209,4.0175,0.4007428385882516,94.25,0.7534883720930232,0.5864197530864198,0.4418604651162791,0.16568181799999993,0.02866279099999991,Post-test-blind (2022-2025),0.15790013679890558,0.0,0.0,0.0,0.0,0.0,-0.01851851851851849,2.3152704892170406
1611760134452.0,JOHN F KENNEDY HIGH SCHOOL,Fremont,Alameda,237.0,156.0,93.0,3.828163265,3.886282051,4.0,0.3972396105935987,47.46666666666667,0.6582278481012658,0.5961538461538461,0.3924050632911392,0.17183673499999985,0.1137179490000002,Pre-test-blind (2017-2019),404.0,311.0,158.0,3.828163265,3.886282051,4.0,0.46246904033344,56.875,0.7698019801980198,0.5080385852090032,0.3910891089108911,0.17183673499999985,0.1137179490000002,Post-test-blind (2022-2025),0.11157413209675404,0.0,0.0,0.0,0.0,0.0,-0.0881152609448429,2.2426123002137803
49738824930384.0,TECHNOLOGY HIGH SCHOOL,Rohnert Park,Sonoma,100.0,52.0,25.0,3.9547058820000003,4.0028,4.010909091,0.13405260559904095,82.66666666666667,0.52,0.4807692307692308,0.25,0.056203208999999976,0.008109091000000568,Pre-test-blind (2017-2019),146.0,103.0,63.0,3.954705882,4.0028,4.010909091,0.18973126920954164,92.575,0.7054794520547946,0.6116504854368932,0.4315068493150685,0.05620320900000042,0.008109091000000568,Post-test-blind (2022-2025),0.18547945205479455,-4.440892098500626e-16,0.0,0.0,4.440892098500626e-16,0.0,0.13088125466766237,2.241156746335213
7617540731646.0,COLLEGE PARK HIGH SCHOOL,Pleasant Hill,Contra Costa,356.0,202.0,110.0,3.971818182,4.073305085,4.138793103,0.22731819817345744,51.9,0.5674157303370787,0.5445544554455446,0.3089887640449438,0.16697492100000044,0.06548801799999993,Pre-test-blind (2017-2019),580.0,383.0,204.0,3.971818182,4.073305085,4.138793103,0.26072696059033346,52.275,0.6603448275862069,0.5326370757180157,0.35172413793103446,0.16697492100000044,0.06548801799999993,Post-test-blind (2022-2025),0.09292909724912823,0.0,0.0,0.0,0.0,0.0,-0.011917379727528932,2.238029027294329
43104390123794.0,SUMMIT PUBLIC SCHOOL-TAHOMA,San Jose,Santa Clara,103.0,67.0,42.0,4.051296296,4.07,4.12,0.3611209406593123,93.16666666666667,0.6504854368932039,0.6268656716417911,0.4077669902912621,0.06870370399999981,0.04999999999999982,Pre-test-blind (2017-2019),201.0,162.0,73.0,4.051296296,4.07,4.12,0.2630934105085759,96.15,0.8059701492537313,0.4506172839506173,0.36318407960199006,0.06870370399999981,0.04999999999999982,Post-test-blind (2022-2025),0.1554847123605274,0.0,0.0,0.0,0.0,0.0,-0.1762483876911738,2.2043762499503177
1612590100065.0,OAKLAND UNITY HIGH SCHOOL,Oakland,Alameda,65.0,45.0,28.0,3.754482759,3.7753571429999995,3.868,0.8494823683204045,93.26666666666667,0.6923076923076923,0.6222222222222222,0.4307692307692308,0.11351724099999982,0.09264285700000041,Pre-test-blind (2017-2019),115.0,103.0,37.0,3.754482759,3.775357143,3.868,0.8677410469894858,99.375,0.8956521739130435,0.3592233009708738,0.3217391304347826,0.11351724099999982,0.09264285699999997,Post-test-blind (2022-2025),0.20334448160535123,0.0,4.440892098500626e-16,0.0,0.0,-4.440892098500626e-16,-0.26299892125134844,2.1806266285004265
1611500132225.0,CASTRO VALLEY HIGH SCHOOL,Castro Valley,Alameda,782.0,481.0,290.0,3.87157377,3.9891845489999995,4.120098039,0.2266845778699947,53.06666666666666,0.6150895140664961,0.6029106029106029,0.37084398976982097,0.24852426900000024,0.13091349000000063,Pre-test-blind (2017-2019),1253.0,847.0,431.0,3.87157377,3.989184549,4.120098039,0.38144064927775706,54.275000000000006,0.6759776536312849,0.5088547815820543,0.34397446129289705,0.24852426900000024,0.1309134900000002,Post-test-blind (2022-2025),0.06088813956478878,0.0,4.440892098500626e-16,0.0,0.0,-4.440892098500626e-16,-0.09405582132854862,2.1553025358857347
49753584930228.0,WINDSOR HIGH SCHOOL,Windsor,Sonoma,200.0,100.0,53.0,3.882439024,4.053050847,4.108846154,0.305348189603516,39.06666666666667,0.5,0.53,0.265,0.22640713000000012,0.05579530700000035,Pre-test-blind (2017-2019),273.0,172.0,79.0,3.882439024,4.053050847,4.108846154,0.463017036620941,39.825,0.63003663003663,0.45930232558139533,0.2893772893772894,0.22640713000000012,0.05579530700000035,Post-test-blind (2022-2025),0.13003663003663002,0.0,0.0,0.0,0.0,0.0,-0.0706976744186047,2.148557740974248
41689244133393.0,JEFFERSON HIGH SCHOOL,Daly City,San Mateo,131.0,76.0,53.0,3.84,3.919782609,4.159375,0.49104370361660377,40.0,0.5801526717557252,0.6973684210526315,0.40458015267175573,0.31937499999999996,0.23959239099999996,Pre-test-blind (2017-2019),250.0,179.0,68.0,3.84,3.919782609,4.159375,0.3922090154906337,60.625,0.716,0.37988826815642457,0.272,0.31937499999999996,0.23959239099999996,Post-test-blind (2022-2025),0.1358473282442748,0.0,0.0,0.0,0.0,0.0,-0.31748015289620696,2.1479348565021557
1611920133629.0,HAYWARD HIGH SCHOOL,Hayward,Alameda,215.0,133.0,79.0,3.6003636359999995,3.700930233,3.861578947,0.6846590998243941,37.166666666666664,0.6186046511627907,0.5939849624060151,0.3674418604651163,0.2612153110000004,0.16064871400000014,Pre-test-blind (2017-2019),305.0,226.0,113.0,3.600363636,3.700930233,3.861578947,0.6948865213352692,42.8,0.740983606557377,0.5,0.3704918032786885,0.26121531099999995,0.16064871400000014,Post-test-blind (2022-2025),0.12237895539458632,4.440892098500626e-16,0.0,0.0,-4.440892098500626e-16,0.0,-0.09398496240601506,2.1372565734273445
43694274330023.0,SANTA TERESA HIGH SCHOOL,San Jose,Santa Clara,418.0,253.0,167.0,3.879811321,3.9703199999999996,4.109215686,0.21979234804336745,56.300000000000004,0.6052631578947368,0.6600790513833992,0.39952153110047844,0.22940436499999972,0.13889568600000013,Pre-test-blind (2017-2019),678.0,466.0,236.0,3.879811321,3.97032,4.109215686,0.2147260980054909,61.15,0.6873156342182891,0.5064377682403434,0.3480825958702065,0.22940436499999972,0.13889568599999969,Post-test-blind (2022-2025),0.08205247632355228,0.0,4.440892098500626e-16,0.0,0.0,-4.440892098500626e-16,-0.1536412831430558,2.1365179181136718
34674134835302.0,RIO VISTA HIGH SCHOOL,Rio Vista,Solano,49.0,29.0,16.0,3.8510000000000004,3.8510000000000004,,0.47925590040844274,46.86666666666667,0.5918367346938775,0.5517241379310345,0.32653061224489793,,,Pre-test-blind (2017-2019),70.0,59.0,22.0,3.851,3.851,,0.647864930034108,51.75,0.8428571428571429,0.3728813559322034,0.3142857142857143,,,Post-test-blind (2022-2025),0.2510204081632653,-4.440892098500626e-16,-4.440892098500626e-16,,,,-0.17884278199883108,2.1001874135447203
48705404830170.0,ANGELO RODRIGUEZ HIGH SCHOOL,Fairfield,Solano,249.0,143.0,89.0,3.968733333,4.014049587,4.211,0.3059200373458986,49.1,0.5742971887550201,0.6223776223776224,0.357429718875502,0.24226666700000044,0.1969504130000006,Pre-test-blind (2017-2019),605.0,399.0,200.0,3.968733333,4.014049587,4.211,0.3066015702715449,62.575,0.6595041322314049,0.5012531328320802,0.3305785123966942,0.24226666700000044,0.1969504130000006,Post-test-blind (2022-2025),0.0852069434763848,0.0,0.0,0.0,0.0,0.0,-0.12112448954554222,2.0958136954499653
41690474130472.0,BURLINGAME HIGH SCHOOL,Burlingame,San Mateo,481.0,302.0,141.0,3.9213824880000003,3.968711656,4.08755102,0.10264703389166173,78.76666666666667,0.6278586278586279,0.46688741721854304,0.29313929313929316,0.16616853199999992,0.11883936400000028,Pre-test-blind (2017-2019),844.0,590.0,236.0,3.921382488,3.968711656,4.08755102,0.1250885347553285,84.85,0.6990521327014217,0.4,0.2796208530805687,0.16616853200000037,0.11883936400000028,Post-test-blind (2022-2025),0.07119350484279385,-4.440892098500626e-16,0.0,0.0,4.440892098500626e-16,0.0,-0.06688741721854302,2.0682907849816403
1612000134536.0,LIVERMORE HIGH SCHOOL,Livermore,Alameda,276.0,169.0,95.0,3.9576470590000006,4.017160494,4.0525,0.22709561884776064,56.56666666666666,0.6123188405797102,0.5621301775147929,0.3442028985507246,0.09485294099999964,0.035339506000000576,Pre-test-blind (2017-2019),387.0,277.0,149.0,3.957647059,4.017160494,4.0525,0.2593825524257156,47.325,0.7157622739018088,0.5379061371841155,0.3850129198966408,0.09485294100000008,0.035339506000000576,Post-test-blind (2022-2025),0.1034434333220986,-4.440892098500626e-16,0.0,0.0,4.440892098500626e-16,0.0,-0.024224040330677377,2.0349718642571837
21654662134005.0,TERRA LINDA HIGH SCHOOL,San Rafael,Marin,236.0,143.0,72.0,3.95880597,4.022135922,4.088536585,0.36778468720254454,57.23333333333333,0.6059322033898306,0.5034965034965035,0.3050847457627119,0.12973061500000016,0.06640066299999958,Pre-test-blind (2017-2019),483.0,337.0,157.0,3.95880597,4.022135922,4.088536585,0.4922374579407713,65.42500000000001,0.6977225672877847,0.4658753709198813,0.3250517598343685,0.12973061500000016,0.06640066299999958,Post-test-blind (2022-2025),0.09179036389795414,0.0,0.0,0.0,0.0,0.0,-0.03762113257662225,2.017300782452285
7617960730291.0,MIDDLE COLLEGE HIGH SCHOOL,San Pablo,Contra Costa,110.0,75.0,51.0,4.013809524,4.04372549,4.172758621,0.5448790896159318,91.56666666666666,0.6818181818181818,0.68,0.4636363636363636,0.15894909699999982,0.1290331309999999,Pre-test-blind (2017-2019),217.0,177.0,117.0,4.013809524,4.04372549,4.172758621,0.6480133687132201,97.7,0.815668202764977,0.6610169491525424,0.5391705069124424,0.15894909699999982,0.1290331309999999,Post-test-blind (2022-2025),0.1338500209467952,0.0,0.0,0.0,0.0,0.0,-0.01898305084745766,1.9717339321820986
43696094334728.0,MOUNTAIN VIEW HIGH SCHOOL,Mountain View,Santa Clara,684.0,455.0,199.0,3.94516129,3.994330709,4.069090909,0.15569777842338559,73.06666666666666,0.6652046783625731,0.43736263736263736,0.2909356725146199,0.12392961899999966,0.07476019999999961,Pre-test-blind (2017-2019),1314.0,945.0,381.0,3.94516129,3.994330709,4.069090909,0.1280080963438405,79.55,0.7191780821917808,0.4031746031746032,0.2899543378995434,0.12392961899999966,0.07476019999999961,Post-test-blind (2022-2025),0.05397340382920768,0.0,0.0,0.0,0.0,0.0,-0.03418803418803418,1.956489359459105
7616300733725.0,LAS LOMAS HIGH SCHOOL,Walnut Creek,Contra Costa,443.0,270.0,138.0,3.938159204,4.027852349,4.126956522,0.1085090758213471,72.13333333333333,0.6094808126410836,0.5111111111111111,0.3115124153498871,0.1887973180000002,0.09910417300000063,Pre-test-blind (2017-2019),754.0,512.0,242.0,3.938159204,4.027852349,4.126956522,0.13780994936692648,77.17500000000001,0.6790450928381963,0.47265625,0.3209549071618037,0.1887973180000002,0.09910417300000063,Post-test-blind (2022-2025),0.0695642801971127,0.0,0.0,0.0,0.0,0.0,-0.03845486111111107,1.9101697740840142
41690624136693.0,SEQUOIA HIGH SCHOOL,Redwood City,San Mateo,455.0,291.0,120.0,3.8903205130000003,3.9423728809999994,3.965,0.4528555017591434,59.46666666666667,0.6395604395604395,0.41237113402061853,0.26373626373626374,0.0746794869999996,0.022627119000000473,Pre-test-blind (2017-2019),676.0,481.0,185.0,3.890320513,3.942372881,3.965,0.36540167669716644,61.3,0.7115384615384616,0.38461538461538464,0.27366863905325445,0.07467948700000004,0.02262711900000003,Post-test-blind (2022-2025),0.07197802197802206,-4.440892098500626e-16,4.440892098500626e-16,0.0,4.440892098500626e-16,-4.440892098500626e-16,-0.027755749405233898,1.8714285714285734
,ROSELAND COLLEGIATE PREP,Santa Rosa,Sonoma,28.0,15.0,12.0,3.998461538,4.007272727,4.114,,,0.5357142857142857,0.8,0.42857142857142855,0.11553846199999995,0.10672727299999973,Pre-test-blind (2017-2019),76.0,57.0,26.0,3.998461538,4.007272727,4.114,,,0.75,0.45614035087719296,0.34210526315789475,0.11553846199999995,0.10672727299999973,Post-test-blind (2022-2025),0.2142857142857143,0.0,0.0,0.0,0.0,0.0,-0.3438596491228071,1.8680995472317174
43696664338950.0,WILLOW GLEN HIGH SCHOOL,San Jose,Santa Clara,312.0,181.0,89.0,3.958372093,4.034895833,4.123913043,0.3762351499882308,30.7,0.5801282051282052,0.49171270718232046,0.28525641025641024,0.16554095000000002,0.08901720999999974,Pre-test-blind (2017-2019),504.0,334.0,160.0,3.958372093,4.034895833,4.123913043,0.3759633915606028,53.8,0.6626984126984127,0.47904191616766467,0.31746031746031744,0.16554095000000002,0.08901720999999974,Post-test-blind (2022-2025),0.0825702075702075,0.0,0.0,0.0,0.0,0.0,-0.012670791014655791,1.8536965624951471
1612596066450.0,MADISON PARK ACADEMY,Oakland,Alameda,63.0,36.0,24.0,3.6517391300000006,3.7205,,0.9390513394351395,69.03333333333333,0.5714285714285714,0.6666666666666666,0.38095238095238093,,,Pre-test-blind (2017-2019),87.0,67.0,11.0,3.65173913,3.7205,,0.9841678356359083,56.3,0.7701149425287356,0.16417910447761194,0.12643678160919541,,,Post-test-blind (2022-2025),0.19868637110016418,-4.440892098500626e-16,0.0,,,,-0.5024875621890547,1.8532230959339024
43696664335949.0,PIONEER HIGH SCHOOL,San Jose,Santa Clara,378.0,222.0,107.0,3.965597484,4.034347826,4.126470588,0.2721042128972801,43.633333333333326,0.5873015873015873,0.481981981981982,0.2830687830687831,0.1608731040000002,0.0921227619999998,Pre-test-blind (2017-2019),586.0,389.0,194.0,3.965597484,4.034347826,4.126470588,0.2898160512518528,64.775,0.6638225255972696,0.4987146529562982,0.3310580204778157,0.1608731040000002,0.0921227619999998,Post-test-blind (2022-2025),0.0765209382956823,0.0,0.0,0.0,0.0,0.0,0.01673267097431619,1.852375783318236
38684783830437.0,GATEWAY HIGH SCHOOL,San Francisco,San Francisco,182.0,119.0,65.0,3.860144928,3.9894,4.0535,0.42830434391525135,87.3,0.6538461538461539,0.5462184873949579,0.35714285714285715,0.19335507199999968,0.06409999999999982,Pre-test-blind (2017-2019),283.0,216.0,99.0,3.860144928,3.9894,4.0535,0.47081636288733253,99.15,0.7632508833922261,0.4583333333333333,0.3498233215547703,0.19335507199999968,0.06409999999999982,Post-test-blind (2022-2025),0.10940472954607228,0.0,0.0,0.0,0.0,0.0,-0.08788515406162462,1.8404724235138459
7618040734368.0,MONTE VISTA HIGH SCHOOL,Danville,Contra Costa,739.0,463.0,239.0,3.858779661,3.884827586,3.973269231,0.0352361261712337,79.2,0.6265223274695535,0.5161987041036717,0.3234100135317997,0.11448957000000037,0.08844164500000007,Pre-test-blind (2017-2019),1272.0,861.0,421.0,3.858779661,3.884827586,3.973269231,0.046511470160653635,66.225,0.6768867924528302,0.4889663182346109,0.3309748427672956,0.11448957000000037,0.08844164500000007,Post-test-blind (2022-2025),0.050364464983276735,0.0,0.0,0.0,0.0,0.0,-0.02723238586906085,1.796254133368041
21654822133692.0,TAMALPAIS HIGH SCHOOL,Mill Valley,Marin,554.0,326.0,139.0,3.998892989,4.070703518,4.168142857,0.0954489565908444,76.23333333333333,0.5884476534296029,0.4263803680981595,0.2509025270758123,0.16924986800000053,0.09743933900000012,Pre-test-blind (2017-2019),948.0,613.0,249.0,3.998892989,4.070703518,4.168142857,0.11034301458061634,78.8,0.6466244725738397,0.4061990212071778,0.2626582278481013,0.16924986800000053,0.09743933900000012,Post-test-blind (2022-2025),0.05817681914423678,0.0,0.0,0.0,0.0,0.0,-0.020181346890981666,1.791241493178039
43694270132274.0,ALPHA CINDY AVITIA HIGH SCHOOL,San Jose,Santa Clara,57.0,33.0,17.0,3.56,3.655263158,3.874,0.8835616438356164,97.5,0.5789473684210527,0.5151515151515151,0.2982456140350877,0.31400000000000006,0.2187368420000002,Pre-test-blind (2017-2019),120.0,89.0,30.0,3.56,3.655263158,3.874,0.745929023862565,52.150000000000006,0.7416666666666667,0.33707865168539325,0.25,0.31400000000000006,0.2187368420000002,Post-test-blind (2022-2025),0.16271929824561404,0.0,0.0,0.0,0.0,0.0,-0.1780728634661219,1.7825006038106723
43695344334371.0,LOS GATOS HIGH SCHOOL,Los Gatos,Santa Clara,733.0,436.0,194.0,3.91347079,3.96463964,4.044318182,0.04202429796223497,77.3,0.5948158253751705,0.44495412844036697,0.2646657571623465,0.13084739199999973,0.07967854199999946,Pre-test-blind (2017-2019),1156.0,748.0,305.0,3.91347079,3.96463964,4.044318182,0.09817862054250653,82.375,0.6470588235294118,0.4077540106951872,0.263840830449827,0.13084739199999973,0.07967854199999946,Post-test-blind (2022-2025),0.05224299815424127,0.0,0.0,0.0,0.0,0.0,-0.037200117745179784,1.7762619372442032
1611920138339.0,TENNYSON HIGH SCHOOL,Hayward,Alameda,122.0,79.0,49.0,3.655333333,3.786,3.8663636360000004,0.7596226734330133,37.699999999999996,0.6475409836065574,0.620253164556962,0.4016393442622951,0.21103030300000025,0.0803636360000004,Pre-test-blind (2017-2019),124.0,100.0,43.0,3.655333333,3.786,3.866363636,0.7772660664178096,27.875,0.8064516129032258,0.43,0.3467741935483871,0.2110303029999998,0.08036363599999996,Post-test-blind (2022-2025),0.15891062929666833,0.0,0.0,-4.440892098500626e-16,-4.440892098500626e-16,-4.440892098500626e-16,-0.190253164556962,1.7695538773457646
28662902837102.0,SAINT HELENA HIGH SCHOOL,Saint Helena,Napa,82.0,43.0,26.0,3.9155555559999997,3.9735,4.183333333,0.2566386847403575,51.333333333333336,0.524390243902439,0.6046511627906976,0.3170731707317073,0.2677777770000005,0.20983333300000018,Pre-test-blind (2017-2019),105.0,73.0,32.0,3.915555556,3.9735,4.183333333,0.3400546755142593,53.925,0.6952380952380952,0.4383561643835616,0.3047619047619048,0.26777777700000005,0.20983333300000018,Post-test-blind (2022-2025),0.17084785133565616,4.440892098500626e-16,0.0,0.0,-4.440892098500626e-16,0.0,-0.16629499840713602,1.7506695211064534
1612750130286.0,MILLENNIUM HIGH SCHOOL,Piedmont,Alameda,10.0,3.0,0.0,3.86,3.91,,0.09803921568627445,47.2,0.3,0.0,0.0,,,Pre-test-blind (2017-2019),11.0,9.0,3.0,3.86,3.91,,0.18338427340928035,81.4,0.8181818181818182,0.3333333333333333,0.2727272727272727,,,Post-test-blind (2022-2025),0.5181818181818183,0.0,0.0,,,,0.3333333333333333,1.718614664093253
43694274330668.0,LATINO COLLEGE PREP ACADEMY,San Jose,Santa Clara,121.0,65.0,36.0,3.832972973,3.987037037,4.173333333,0.7953995427903539,55.599999999999994,0.5371900826446281,0.5538461538461539,0.2975206611570248,0.3403603600000005,0.18629629600000053,Pre-test-blind (2017-2019),143.0,97.0,29.0,3.832972973,3.987037037,4.173333333,0.7913695273602169,56.275,0.6783216783216783,0.29896907216494845,0.20279720279720279,0.3403603600000005,0.18629629600000053,Post-test-blind (2022-2025),0.14113159567705025,0.0,0.0,0.0,0.0,0.0,-0.25487708168120543,1.687688420196129
38684783830288.0,BALBOA HIGH SCHOOL,San Francisco,San Francisco,382.0,252.0,167.0,3.7961184210000005,3.8952499999999994,4.009833333,0.6580117244404057,57.199999999999996,0.6596858638743456,0.6626984126984127,0.43717277486910994,0.21371491199999992,0.11458333300000101,Pre-test-blind (2017-2019),585.0,426.0,258.0,3.796118421,3.89525,4.009833333,0.6204960716857354,65.15,0.7282051282051282,0.6056338028169014,0.441025641025641,0.21371491200000037,0.11458333300000056,Post-test-blind (2022-2025),0.06851926433078259,-4.440892098500626e-16,4.440892098500626e-16,0.0,4.440892098500626e-16,-4.440892098500626e-16,-0.0570646098815113,1.657259909275705
41690474130217.0,ARAGON HIGH SCHOOL,San Mateo,San Mateo,460.0,321.0,162.0,3.93408,3.983457944,4.103370787,0.20227052968512801,73.56666666666666,0.6978260869565217,0.5046728971962616,0.3521739130434783,0.16929078700000044,0.11991284300000027,Pre-test-blind (2017-2019),998.0,748.0,327.0,3.93408,3.983457944,4.103370787,0.1551351858066247,79.475,0.749498997995992,0.43716577540106955,0.3276553106212425,0.16929078700000044,0.11991284300000027,Post-test-blind (2022-2025),0.05167291103947025,0.0,0.0,0.0,0.0,0.0,-0.06750712179519208,1.632406063399184
43694274330031.0,INDEPENDENCE HIGH SCHOOL,San Jose,Santa Clara,520.0,314.0,179.0,3.892678571,3.9702247189999995,4.118235294,0.4892972627725698,50.300000000000004,0.6038461538461538,0.5700636942675159,0.34423076923076923,0.22555672299999996,0.14801057500000026,Pre-test-blind (2017-2019),592.0,397.0,208.0,3.892678571,3.970224719,4.118235294,0.41577879142445817,57.325,0.6706081081081081,0.5239294710327456,0.35135135135135137,0.22555672299999996,0.1480105749999998,Post-test-blind (2022-2025),0.0667619542619543,0.0,4.440892098500626e-16,0.0,0.0,-4.440892098500626e-16,-0.046134223234770344,1.6243884553363965
48705814830147.0,JESSE M BETHEL HIGH SCHOOL,Vallejo,Solano,170.0,89.0,57.0,3.738085106,3.921612903,4.103333333,0.5376339183634772,39.4,0.5235294117647059,0.6404494382022472,0.3352941176470588,0.3652482269999999,0.18172042999999993,Pre-test-blind (2017-2019),170.0,110.0,60.0,3.738085106,3.921612903,4.103333333,0.784672468957092,36.3,0.6470588235294118,0.5454545454545454,0.35294117647058826,0.3652482269999999,0.18172042999999993,Post-test-blind (2022-2025),0.12352941176470589,0.0,0.0,0.0,0.0,0.0,-0.09499489274770179,1.610626476579478
7617210107797.0,HERITAGE HIGH SCHOOL,Brentwood,Contra Costa,344.0,207.0,119.0,3.743987342,3.8420535709999997,3.917592593,0.17392538706805252,59.166666666666664,0.6017441860465116,0.5748792270531401,0.34593023255813954,0.17360525100000013,0.07553902200000051,Pre-test-blind (2017-2019),704.0,466.0,239.0,3.743987342,3.842053571,3.917592593,0.18370785720039143,63.8,0.6619318181818182,0.5128755364806867,0.33948863636363635,0.17360525100000013,0.07553902200000007,Post-test-blind (2022-2025),0.060187632135306646,0.0,4.440892098500626e-16,0.0,0.0,-4.440892098500626e-16,-0.06200369057245336,1.5969583425019946
43696414332904.0,HENRY M GUNN SENIOR HIGH SCHL,Palo Alto,Santa Clara,986.0,688.0,243.0,3.993281734,4.035697674,4.037534247,0.07809595353269615,80.43333333333334,0.6977687626774848,0.35319767441860467,0.24645030425963488,0.04425251299999999,0.0018365730000002856,Pre-test-blind (2017-2019),1386.0,1026.0,333.0,3.993281734,4.035697674,4.037534247,0.10499332248849458,93.525,0.7402597402597403,0.32456140350877194,0.24025974025974026,0.04425251299999999,0.0018365730000002856,Post-test-blind (2022-2025),0.04249097758225551,0.0,0.0,0.0,0.0,0.0,-0.02863627090983273,1.5818974940847135
43694684333316.0,HOMESTEAD HIGH SCHOOL,Cupertino,Santa Clara,974.0,705.0,310.0,3.994959128,4.040878378,4.093305785,0.14722613544890772,78.13333333333334,0.7238193018480493,0.4397163120567376,0.3182751540041068,0.098346657,0.052427406999999704,Pre-test-blind (2017-2019),1506.0,1150.0,471.0,3.994959128,4.040878378,4.093305785,0.13632964046680882,79.875,0.7636122177954847,0.40956521739130436,0.31274900398406374,0.098346657,0.052427406999999704,Post-test-blind (2022-2025),0.03979291594743539,0.0,0.0,0.0,0.0,0.0,-0.030151094665433253,1.5442522774330252
41689244137535.0,TERRA NOVA HIGH SCHOOL,Pacifica,San Mateo,128.0,78.0,47.0,3.85375,3.9775000000000005,4.090769231,0.19103831491047205,37.266666666666666,0.609375,0.6025641025641025,0.3671875,0.23701923100000055,0.11326923099999986,Pre-test-blind (2017-2019),170.0,123.0,54.0,3.85375,3.9775,4.090769231,0.17653749777019226,57.475,0.7235294117647059,0.43902439024390244,0.3176470588235294,0.23701923100000055,0.1132692310000003,Post-test-blind (2022-2025),0.11415441176470587,0.0,-4.440892098500626e-16,0.0,0.0,4.440892098500626e-16,-0.1635397123202001,1.4883914314819282
1611270130450.0,ALBANY HIGH SCHOOL,Albany,Alameda,441.0,304.0,179.0,3.9180808080000005,3.973913043,4.049444444,0.19028044924950072,65.13333333333334,0.6893424036281179,0.5888157894736842,0.40589569160997735,0.13136363599999923,0.07553140099999966,Pre-test-blind (2017-2019),734.0,546.0,298.0,3.918080808,3.973913043,4.049444444,0.29259884214133414,76.075,0.7438692098092643,0.5457875457875457,0.40599455040871935,0.13136363599999967,0.07553140099999966,Post-test-blind (2022-2025),0.05452680618114636,-4.440892098500626e-16,0.0,0.0,4.440892098500626e-16,0.0,-0.043028243686138445,1.4772639177750753
43694014338505.0,WESTMONT HIGH SCHOOL,Campbell,Santa Clara,324.0,195.0,117.0,3.902080537,3.962212389,4.056326531,0.2367518708915265,56.56666666666666,0.6018518518518519,0.6,0.3611111111111111,0.15424599400000005,0.09411414200000001,Pre-test-blind (2017-2019),573.0,380.0,182.0,3.902080537,3.962212389,4.056326531,0.39416215700983925,66.075,0.6631762652705061,0.4789473684210526,0.31762652705061084,0.15424599400000005,0.09411414200000001,Post-test-blind (2022-2025),0.061324413418654244,0.0,0.0,0.0,0.0,0.0,-0.12105263157894736,1.4679481425766983
41690620112722.0,SUMMIT PREPARATORY CHARTER HIG,Redwood City,San Mateo,176.0,115.0,57.0,3.9221428569999994,3.946764706,4.130714286,0.5139583010194421,96.8,0.6534090909090909,0.4956521739130435,0.32386363636363635,0.20857142900000047,0.18394957999999972,Pre-test-blind (2017-2019),177.0,135.0,62.0,3.922142857,3.946764706,4.130714286,0.6232390510918631,99.75,0.7627118644067796,0.45925925925925926,0.3502824858757062,0.20857142900000003,0.18394957999999972,Post-test-blind (2022-2025),0.10930277349768869,4.440892098500626e-16,0.0,0.0,-4.440892098500626e-16,0.0,-0.03639291465378425,1.454178821221381
1612590115238.0,ARISE HIGH SCHOOL,Oakland,Alameda,96.0,43.0,16.0,3.622608696,3.735555556,4.042,0.8214718595613274,96.03333333333335,0.4479166666666667,0.37209302325581395,0.16666666666666666,0.4193913039999999,0.3064444439999998,Pre-test-blind (2017-2019),104.0,61.0,17.0,3.622608696,3.735555556,4.042,0.7287551255125512,99.675,0.5865384615384616,0.2786885245901639,0.16346153846153846,0.4193913039999999,0.3064444439999998,Post-test-blind (2022-2025),0.13862179487179488,0.0,0.0,0.0,0.0,0.0,-0.09340449866565004,1.4136704741210766
7100740731380.0,CLAYTON VALLEY CHARTER HIGH SCHOOL,Concord,Contra Costa,403.0,225.0,128.0,3.935483871,4.02696,4.126721311,0.20170132344619693,66.36666666666666,0.5583126550868487,0.5688888888888889,0.3176178660049628,0.19123743999999965,0.09976131099999996,Pre-test-blind (2017-2019),698.0,426.0,219.0,3.935483871,4.02696,4.126721311,0.22297362107459717,90.425,0.6103151862464183,0.5140845070422535,0.3137535816618911,0.19123743999999965,0.09976131099999996,Post-test-blind (2022-2025),0.052002531159569654,0.0,0.0,0.0,0.0,0.0,-0.054804381846635386,1.3738907330670096
38684780127530.0,KIPP SAN FRANCISCO COLG PREP,San Francisco,San Francisco,116.0,88.0,51.0,3.3569047620000005,3.4034999999999997,3.62125,0.8706741656525495,100.0,0.7586206896551724,0.5795454545454546,0.4396551724137931,0.2643452379999993,0.2177500000000001,Pre-test-blind (2017-2019),152.0,132.0,42.0,3.356904762,3.4035,3.62125,0.8607965873788658,99.675,0.868421052631579,0.3181818181818182,0.27631578947368424,0.26434523799999976,0.21774999999999967,Post-test-blind (2022-2025),0.1098003629764066,-4.440892098500626e-16,4.440892098500626e-16,0.0,4.440892098500626e-16,-4.440892098500626e-16,-0.2613636363636364,1.3537097901256745
38684783830387.0,RUTH ASAWA SCHOOL OF THE ARTS,San Francisco,San Francisco,243.0,155.0,84.0,3.971171875,4.059411765,4.081320755,0.20931285288904444,78.83333333333333,0.6378600823045267,0.5419354838709678,0.345679012345679,0.11014888000000012,0.021908990000000017,Pre-test-blind (2017-2019),470.0,329.0,166.0,3.971171875,4.059411765,4.081320755,0.1971505096884114,85.7,0.7,0.5045592705167173,0.35319148936170214,0.11014888000000012,0.021908990000000017,Post-test-blind (2022-2025),0.062139917695473224,0.0,0.0,0.0,0.0,0.0,-0.037376213354250454,1.3471613134528797
43696744338802.0,ADRIAN C WILCOX HIGH SCHOOL,Santa Clara,Santa Clara,433.0,316.0,195.0,3.8514482760000006,3.89720339,4.016071429,0.40092811128700784,39.699999999999996,0.7297921478060047,0.6170886075949367,0.4503464203233256,0.16462315299999952,0.11886803900000009,Pre-test-blind (2017-2019),688.0,537.0,249.0,3.851448276,3.89720339,4.016071429,0.31364481346893575,57.675,0.7805232558139535,0.46368715083798884,0.36191860465116277,0.16462315299999997,0.11886803900000009,Post-test-blind (2022-2025),0.05073110800794889,-4.440892098500626e-16,0.0,0.0,4.440892098500626e-16,0.0,-0.15340145675694783,1.330664488127399
1612590136051.0,OAKLAND TECHNICAL HIGH SCHOOL,Oakland,Alameda,646.0,462.0,256.0,3.804770992,3.874766355,3.975517241,0.47024105680555706,68.83333333333333,0.7151702786377709,0.5541125541125541,0.39628482972136225,0.17074624900000002,0.1007508859999997,Pre-test-blind (2017-2019),978.0,741.0,362.0,3.804770992,3.874766355,3.975517241,0.6527730279471246,78.725,0.7576687116564417,0.4885290148448043,0.37014314928425357,0.17074624900000002,0.1007508859999997,Post-test-blind (2022-2025),0.042498433018670734,0.0,0.0,0.0,0.0,0.0,-0.06558353926774979,1.3290531363506537
43694270130856.0,LUIS VALDEZ LEADERSHIP ACADEMY,San Jose,Santa Clara,90.0,56.0,20.0,3.841818182,3.96,,0.747270552414093,71.7,0.6222222222222222,0.35714285714285715,0.2222222222222222,,,Pre-test-blind (2017-2019),62.0,49.0,20.0,3.841818182,3.96,,0.7794681861348529,60.325,0.7903225806451613,0.40816326530612246,0.3225806451612903,,,Post-test-blind (2022-2025),0.16810035842293902,0.0,0.0,,,,0.05102040816326531,1.3236235458464296
7617960732164.0,DE ANZA HIGH SCHOOL,Richmond,Contra Costa,228.0,146.0,87.0,3.638421053,3.824390244,3.9968421050000003,0.7005669387643964,54.199999999999996,0.6403508771929824,0.5958904109589042,0.3815789473684211,0.3584210520000002,0.17245186100000032,Pre-test-blind (2017-2019),321.0,229.0,127.0,3.638421053,3.824390244,3.996842105,0.7312418555635191,48.15,0.7133956386292835,0.5545851528384279,0.3956386292834891,0.35842105199999974,0.17245186099999987,Post-test-blind (2022-2025),0.07304476143630101,0.0,0.0,-4.440892098500626e-16,-4.440892098500626e-16,-4.440892098500626e-16,-0.04130525812047625,1.3087044863623134
21654822130078.0,TAMISCAL HIGH SCHOOL,Larkspur,Marin,34.0,19.0,12.0,3.8024,3.923333333,,0.09915623592640972,65.66666666666667,0.5588235294117647,0.631578947368421,0.35294117647058826,,,Pre-test-blind (2017-2019),123.0,83.0,30.0,3.8024,3.923333333,,0.15521560544053922,63.75,0.6747967479674797,0.3614457831325301,0.24390243902439024,,,Post-test-blind (2022-2025),0.11597321855571496,0.0,0.0,,,,-0.2701331642358909,1.286205214157955
43694684332474.0,FREMONT HIGH SCHOOL,Sunnyvale,Santa Clara,422.0,302.0,147.0,3.9874074070000005,4.013057325,4.074333333,0.33404229886376013,58.96666666666666,0.7156398104265402,0.4867549668874172,0.34834123222748814,0.08692592599999971,0.061276008000000104,Pre-test-blind (2017-2019),807.0,614.0,239.0,3.987407407,4.013057325,4.074333333,0.23458123609324652,66.475,0.7608426270136307,0.38925081433224756,0.29615861214374223,0.08692592600000015,0.061276008000000104,Post-test-blind (2022-2025),0.045202816587090466,-4.440892098500626e-16,0.0,0.0,4.440892098500626e-16,0.0,-0.09750415255516964,1.2841101059943247
43694274333639.0,JAMES LICK HIGH SCHOOL,San Jose,Santa Clara,126.0,74.0,38.0,4.001666667,4.052666667,,0.8298753384829111,39.03333333333333,0.5873015873015873,0.5135135135135135,0.30158730158730157,,,Pre-test-blind (2017-2019),93.0,67.0,21.0,4.001666667,4.052666667,,0.5723143067324117,36.125,0.7204301075268817,0.31343283582089554,0.22580645161290322,,,Post-test-blind (2022-2025),0.13312852022529442,0.0,0.0,,,,-0.20008067769261795,1.2838449553805265
43696664337200.0,SAN JOSE HIGH SCHOOL,San Jose,Santa Clara,167.0,103.0,48.0,4.0275,4.038461538,3.988333333,0.7446361847839528,30.100000000000005,0.6167664670658682,0.46601941747572817,0.2874251497005988,-0.03916666699999993,-0.05012820500000004,Pre-test-blind (2017-2019),132.0,96.0,35.0,4.0275,4.038461538,3.988333333,0.7007717702204445,17.8,0.7272727272727273,0.3645833333333333,0.26515151515151514,-0.03916666699999993,-0.05012820500000004,Post-test-blind (2022-2025),0.11050626020685905,0.0,0.0,0.0,0.0,0.0,-0.10143608414239486,1.2696202691858685
43696664330080.0,HENRY T GUNDERSON HIGH SCHOOL,San Jose,Santa Clara,136.0,84.0,34.0,3.938409091,4.033666667,4.208461538,0.5877216576110008,27.900000000000002,0.6176470588235294,0.40476190476190477,0.25,0.27005244699999986,0.17479487099999957,Pre-test-blind (2017-2019),207.0,146.0,67.0,3.938409091,4.033666667,4.208461538,0.5521870068779952,46.05,0.7053140096618358,0.4589041095890411,0.32367149758454106,0.27005244699999986,0.17479487099999957,Post-test-blind (2022-2025),0.08766695083830633,0.0,0.0,0.0,0.0,0.0,0.05414220482713633,1.261307779149168
7617960730598.0,HERCULES HIGH SCHOOL,Hercules,Contra Costa,230.0,143.0,96.0,3.7998684210000007,3.984285714,4.168181818,0.42700435800031405,61.300000000000004,0.6217391304347826,0.6713286713286714,0.41739130434782606,0.3683133969999992,0.183896104,Pre-test-blind (2017-2019),274.0,191.0,108.0,3.799868421,3.984285714,4.168181818,0.37675806639460635,69.925,0.6970802919708029,0.5654450261780105,0.39416058394160586,0.36831339699999965,0.183896104,Post-test-blind (2022-2025),0.07534116153602033,-4.440892098500626e-16,0.0,0.0,4.440892098500626e-16,0.0,-0.10588364515066084,1.2471181300572525
43695834333951.0,LIVE OAK HIGH SCHOOL,Morgan Hill,Santa Clara,146.0,83.0,34.0,3.855517241,3.936875,3.9909090910000002,0.3641021640533388,50.4,0.5684931506849316,0.40963855421686746,0.2328767123287671,0.13539185000000042,0.05403409100000012,Pre-test-blind (2017-2019),206.0,135.0,66.0,3.855517241,3.936875,3.990909091,0.4075017165754305,48.825,0.6553398058252428,0.4888888888888889,0.32038834951456313,0.13539184999999998,0.05403409099999967,Post-test-blind (2022-2025),0.0868466551403112,0.0,0.0,-4.440892098500626e-16,-4.440892098500626e-16,-4.440892098500626e-16,0.07925033467202142,1.246483995431305
41690704132551.0,EL CAMINO HIGH,South San Francisco,San Mateo,250.0,137.0,75.0,3.880581395,4.003333333,4.12862069,0.2680572601626067,0.0,0.548,0.5474452554744526,0.3,0.24803929499999988,0.12528735700000038,Pre-test-blind (2017-2019),376.0,230.0,125.0,3.880581395,4.003333333,4.12862069,0.24747562378103719,69.2,0.6117021276595744,0.5434782608695652,0.3324468085106383,0.24803929499999988,0.12528735700000038,Post-test-blind (2022-2025),0.06370212765957439,0.0,0.0,0.0,0.0,0.0,-0.003966994604887364,1.2352300845195296
43694840118380.0,CHRISTOPHER HIGH SCHOOL,Gilroy,Santa Clara,241.0,142.0,67.0,3.858235294,3.9178,4.030645161,0.4061553954581348,56.1,0.5892116182572614,0.47183098591549294,0.27800829875518673,0.17240986699999983,0.11284516099999964,Pre-test-blind (2017-2019),329.0,216.0,112.0,3.858235294,3.9178,4.030645161,0.3697453695905462,53.4,0.6565349544072948,0.5185185185185185,0.3404255319148936,0.17240986699999983,0.11284516099999964,Post-test-blind (2022-2025),0.06732333615003339,0.0,0.0,0.0,0.0,0.0,0.04668753260302555,1.2211347154314542
1613090137810.0,SAN LORENZO HIGH SCHOOL,San Lorenzo,Alameda,177.0,105.0,71.0,3.7588636359999996,3.854666667,4.004117647,0.7001972869241418,40.63333333333333,0.5932203389830508,0.6761904761904762,0.4011299435028249,0.24525401100000055,0.14945098000000012,Pre-test-blind (2017-2019),191.0,130.0,69.0,3.758863636,3.854666667,4.004117647,0.8526555272756099,36.3,0.680628272251309,0.5307692307692308,0.3612565445026178,0.2452540110000001,0.14945098000000012,Post-test-blind (2022-2025),0.08740793326825813,4.440892098500626e-16,0.0,0.0,-4.440892098500626e-16,0.0,-0.14542124542124546,1.2080016715475186
49738824935482.0,RANCHO COTATE HIGH SCHOOL,Rohnert Park,Sonoma,104.0,60.0,30.0,3.893478261,3.9782352939999996,4.077142857,0.368709617797158,41.56666666666666,0.5769230769230769,0.5,0.28846153846153844,0.1836645960000003,0.09890756300000048,Pre-test-blind (2017-2019),172.0,115.0,49.0,3.893478261,3.978235294,4.077142857,0.40606245283964987,37.55,0.6686046511627907,0.4260869565217391,0.28488372093023256,0.1836645960000003,0.09890756300000003,Post-test-blind (2022-2025),0.09168157423971379,0.0,4.440892098500626e-16,0.0,0.0,-4.440892098500626e-16,-0.07391304347826089,1.2023925737763062
1100170126748.0,LPS OAKLAND R&D CAMPUS,Oakland,Alameda,81.0,53.0,26.0,3.595714286,,,,,0.654320987654321,0.49056603773584906,0.32098765432098764,,,Pre-test-blind (2017-2019),73.0,58.0,22.0,3.595714286,,,,,0.7945205479452054,0.3793103448275862,0.3013698630136986,,,Post-test-blind (2022-2025),0.14019956029088443,0.0,,,,,-0.11125569290826287,1.1978655682171875
7616480730465.0,DEER VALLEY HIGH SCHOOL,Antioch,Contra Costa,228.0,143.0,94.0,3.468604651,3.5953125,3.8250000000000006,0.5640409379030547,31.96666666666667,0.6271929824561403,0.6573426573426573,0.41228070175438597,0.35639534900000047,0.2296875000000007,Pre-test-blind (2017-2019),228.0,161.0,78.0,3.468604651,3.5953125,3.825,0.7640625740541784,23.75,0.706140350877193,0.484472049689441,0.34210526315789475,0.35639534900000003,0.22968750000000027,Post-test-blind (2022-2025),0.07894736842105265,0.0,0.0,-4.440892098500626e-16,-4.440892098500626e-16,-4.440892098500626e-16,-0.17287060765321627,1.1920791213585398
43694274335204.0,OAK GROVE HIGH SCHOOL,San Jose,Santa Clara,206.0,129.0,75.0,3.9165714289999998,4.024716981,4.159565217,0.5011598914307068,40.4,0.6262135922330098,0.5813953488372093,0.3640776699029126,0.24299378800000015,0.13484823599999984,Pre-test-blind (2017-2019),257.0,180.0,99.0,3.916571429,4.024716981,4.159565217,0.478072052496012,45.575,0.7003891050583657,0.55,0.3852140077821012,0.2429937879999997,0.13484823599999984,Post-test-blind (2022-2025),0.07417551282535595,4.440892098500626e-16,0.0,0.0,-4.440892098500626e-16,0.0,-0.03139534883720929,1.1891239307349206
1612590130575.0,LIFE ACADEMY HIGH SCHOOL,Oakland,Alameda,76.0,47.0,36.0,3.513181818,3.646875,3.9022222220000002,0.9127502536454233,46.199999999999996,0.618421052631579,0.7659574468085106,0.47368421052631576,0.3890404040000002,0.25534722200000015,Pre-test-blind (2017-2019),96.0,71.0,32.0,3.513181818,3.646875,3.902222222,0.9706019426215277,78.725,0.7395833333333334,0.4507042253521127,0.3333333333333333,0.38904040399999973,0.2553472219999997,Post-test-blind (2022-2025),0.12116228070175439,0.0,0.0,-4.440892098500626e-16,-4.440892098500626e-16,-4.440892098500626e-16,-0.31525322145639795,1.1871430551646542
1612593030772.0,OAKLAND SCHOOL FOR THE ARTS,Oakland,Alameda,155.0,94.0,47.0,3.840943396,3.9425714289999996,3.9812500000000006,0.11549264912742653,88.96666666666665,0.6064516129032258,0.5,0.3032258064516129,0.1403066040000005,0.03867857100000105,Pre-test-blind (2017-2019),208.0,143.0,76.0,3.840943396,3.942571429,3.98125,0.285698878669242,78.975,0.6875,0.5314685314685315,0.36538461538461536,0.14030660400000006,0.03867857100000016,Post-test-blind (2022-2025),0.0810483870967742,0.0,4.440892098500626e-16,-4.440892098500626e-16,-4.440892098500626e-16,-8.881784197001252e-16,0.03146853146853146,1.1688964618842934
7616970737023.0,JOHN SWETT HIGH SCHOOL,Crockett,Contra Costa,57.0,34.0,22.0,3.922941176,4.009333333,4.206,0.5365017995614776,39.63333333333333,0.5964912280701754,0.6470588235294118,0.38596491228070173,0.28305882400000026,0.19666666700000057,Pre-test-blind (2017-2019),80.0,58.0,29.0,3.922941176,4.009333333,4.206,0.688609486679662,54.675,0.725,0.5,0.3625,0.28305882400000026,0.19666666700000057,Post-test-blind (2022-2025),0.12850877192982457,0.0,0.0,0.0,0.0,0.0,-0.1470588235294118,1.1494173989604184
41690620126722.0,EAST PALO ALTO ACADEMY,East Palo Alto,San Mateo,57.0,30.0,17.0,3.491666667,3.6,,0.8970375016194952,40.56666666666667,0.5263157894736842,0.5666666666666667,0.2982456140350877,,,Pre-test-blind (2017-2019),88.0,57.0,26.0,3.491666667,3.6,,0.684634630635836,51.05,0.6477272727272727,0.45614035087719296,0.29545454545454547,,,Post-test-blind (2022-2025),0.12141148325358853,0.0,0.0,,,,-0.1105263157894737,1.13894066895234
43694274335907.0,PIEDMONT HILLS HIGH SCHOOL,San Jose,Santa Clara,585.0,360.0,201.0,3.847106599,3.904102564,3.9879710140000006,0.27456366295681406,60.56666666666666,0.6153846153846154,0.5583333333333333,0.3435897435897436,0.1408644150000007,0.08386845000000065,Pre-test-blind (2017-2019),798.0,523.0,248.0,3.847106599,3.904102564,3.987971014,0.2521780083200908,66.1,0.6553884711779449,0.47418738049713194,0.3107769423558897,0.14086441500000024,0.0838684500000002,Post-test-blind (2022-2025),0.040003855793329435,0.0,0.0,-4.440892098500626e-16,-4.440892098500626e-16,-4.440892098500626e-16,-0.08414595283620141,1.1300646732422577
49709204934154.0,MONTGOMERY HIGH SCHOOL,Santa Rosa,Sonoma,166.0,86.0,42.0,3.8620754719999995,3.928648649,4.16,0.3477460546835936,36.300000000000004,0.5180722891566265,0.4883720930232558,0.25301204819277107,0.2979245280000007,0.23135135100000026,Pre-test-blind (2017-2019),217.0,129.0,56.0,3.862075472,3.928648649,4.16,0.4429556644217795,42.375,0.5944700460829493,0.43410852713178294,0.25806451612903225,0.29792452800000024,0.23135135100000026,Post-test-blind (2022-2025),0.07639775692632278,4.440892098500626e-16,0.0,0.0,-4.440892098500626e-16,0.0,-0.054263565891472854,1.125409234968351
7616480730861.0,ANTIOCH HIGH SCHOOL,Antioch,Contra Costa,124.0,82.0,46.0,3.679534884,3.848666667,4.098181818,0.6974346448934924,29.666666666666668,0.6612903225806451,0.5609756097560976,0.3709677419354839,0.4186469339999994,0.24951515099999977,Pre-test-blind (2017-2019),187.0,139.0,60.0,3.679534884,3.848666667,4.098181818,0.8568764884198629,21.25,0.7433155080213903,0.4316546762589928,0.32085561497326204,0.4186469339999994,0.24951515099999977,Post-test-blind (2022-2025),0.08202518544074522,0.0,0.0,0.0,0.0,0.0,-0.12932093349710483,1.121677540878873
49709204935292.0,PINER HIGH SCHOOL,Santa Rosa,Sonoma,115.0,70.0,33.0,3.769705882,3.892083333,4.095454545,0.5507723960395426,17.96666666666667,0.6086956521739131,0.4714285714285714,0.28695652173913044,0.32574866300000016,0.20337121199999997,Pre-test-blind (2017-2019),141.0,99.0,47.0,3.769705882,3.892083333,4.095454545,0.5738226485252955,20.45,0.7021276595744681,0.47474747474747475,0.3333333333333333,0.32574866300000016,0.20337121199999997,Post-test-blind (2022-2025),0.09343200740055502,0.0,0.0,0.0,0.0,0.0,0.0033189033189033323,1.1094436177528486
43696664333522.0,LELAND HIGH SCHOOL,San Jose,Santa Clara,830.0,604.0,304.0,3.964208333,4.016565657,4.10183908,0.10129779567513336,51.76666666666667,0.727710843373494,0.5033112582781457,0.36626506024096384,0.13763074700000022,0.08527342300000029,Pre-test-blind (2017-2019),1037.0,790.0,358.0,3.964208333,4.016565657,4.10183908,0.1070029800727,79.225,0.7618129218900676,0.4531645569620253,0.3452266152362584,0.13763074700000022,0.08527342300000029,Post-test-blind (2022-2025),0.03410207851657354,0.0,0.0,0.0,0.0,0.0,-0.05014670131612042,1.09817165062622
1612596113807.0,AIMS COLLEGE PREP HIGH SCHOOL,Oakland,Alameda,155.0,114.0,83.0,3.772631579,3.885106383,3.966315789,0.7428253148920212,,0.7354838709677419,0.7280701754385965,0.535483870967742,0.1936842099999998,0.0812094059999997,Pre-test-blind (2017-2019),327.0,260.0,149.0,3.772631579,3.885106383,3.966315789,0.7281376659678546,,0.7951070336391437,0.573076923076923,0.45565749235474007,0.1936842099999998,0.0812094059999997,Post-test-blind (2022-2025),0.059623162671401775,0.0,0.0,0.0,0.0,0.0,-0.1549932523616735,1.078174076533805
48705654838801.0,VANDEN HIGH SCHOOL,Fairfield,Solano,230.0,125.0,76.0,3.8487500000000003,4.001730769,4.113333333,0.24577894473069153,50.1,0.5434782608695652,0.608,0.33043478260869563,0.2645833329999996,0.11160256400000002,Pre-test-blind (2017-2019),332.0,200.0,108.0,3.84875,4.001730769,4.113333333,0.4063532435684996,51.775,0.6024096385542169,0.54,0.3253012048192771,0.26458333300000003,0.11160256400000002,Post-test-blind (2022-2025),0.05893137768465173,-4.440892098500626e-16,0.0,0.0,4.440892098500626e-16,0.0,-0.06799999999999995,1.0737808042469723
43694014330866.0,BRANHAM HIGH SCHOOL,San Jose,Santa Clara,305.0,204.0,115.0,3.9434920629999994,4.0022,4.080666667,0.15764514741145066,64.39999999999999,0.6688524590163935,0.5637254901960784,0.3770491803278688,0.1371746040000006,0.07846666699999982,Pre-test-blind (2017-2019),748.0,529.0,243.0,3.943492063,4.0022,4.080666667,0.3081107033156282,72.725,0.7072192513368984,0.45935727788279773,0.32486631016042783,0.13717460400000014,0.07846666699999982,Post-test-blind (2022-2025),0.038366792320504994,4.440892098500626e-16,0.0,0.0,-4.440892098500626e-16,0.0,-0.1043682123132807,1.0493159882598002
43694014336137.0,PROSPECT HIGH SCHOOL,Saratoga,Santa Clara,295.0,195.0,100.0,3.91379845,3.984615385,4.054565217,0.26194137962759384,61.26666666666667,0.6610169491525424,0.5128205128205128,0.3389830508474576,0.14076676700000057,0.06994983200000027,Pre-test-blind (2017-2019),526.0,371.0,177.0,3.91379845,3.984615385,4.054565217,0.47442551594887766,64.975,0.7053231939163498,0.477088948787062,0.3365019011406844,0.14076676700000057,0.06994983200000027,Post-test-blind (2022-2025),0.0443062447638074,0.0,0.0,0.0,0.0,0.0,-0.03573156403345079,1.016149983509834
28662662835601.0,NAPA HIGH SCHOOL,Napa,Napa,265.0,157.0,99.0,3.802037037,3.935789474,4.134285714,0.5098213155826201,53.366666666666674,0.5924528301886792,0.6305732484076433,0.37358490566037733,0.33224867699999994,0.19849623999999988,Pre-test-blind (2017-2019),285.0,186.0,95.0,3.802037037,3.935789474,4.134285714,0.7359044615380416,40.825,0.6526315789473685,0.510752688172043,0.3333333333333333,0.33224867699999994,0.19849623999999988,Post-test-blind (2022-2025),0.06017874875868923,0.0,0.0,0.0,0.0,0.0,-0.11982056023560028,1.0159342073264443
49709204930244.0,MARIA CARRILLO HIGH SCHOOL,Santa Rosa,Sonoma,270.0,157.0,84.0,3.866336634,3.980142857,4.053666667,0.22971752944315138,48.26666666666667,0.5814814814814815,0.535031847133758,0.3111111111111111,0.18733003299999984,0.07352380999999975,Pre-test-blind (2017-2019),415.0,262.0,120.0,3.866336634,3.980142857,4.053666667,0.27736531298907496,55.425,0.6313253012048192,0.4580152671755725,0.2891566265060241,0.18733003299999984,0.07352380999999975,Post-test-blind (2022-2025),0.049843819723337734,0.0,0.0,0.0,0.0,0.0,-0.07701657995818545,1.0153958052475032
41690470129759.0,DESIGN TECH HIGH SCHOOL,Redwood City,San Mateo,121.0,83.0,36.0,4.018888889,4.082191781,4.137083333,0.09572561692126905,100.0,0.6859504132231405,0.43373493975903615,0.2975206611570248,0.11819444399999934,0.054891551999999955,Pre-test-blind (2017-2019),346.0,256.0,109.0,4.018888889,4.082191781,4.137083333,0.0715991832159919,96.975,0.7398843930635838,0.42578125,0.315028901734104,0.11819444399999934,0.054891551999999955,Post-test-blind (2022-2025),0.053933979840443236,0.0,0.0,0.0,0.0,0.0,-0.007953689759036153,1.003230016882744
38684783830205.0,RAOUL WALLENBERG TRADITIONAL,San Francisco,San Francisco,242.0,159.0,101.0,3.866607143,3.9727906979999994,4.071071429,0.5361714197669225,72.53333333333333,0.6570247933884298,0.6352201257861635,0.41735537190082644,0.20446428599999988,0.09828073100000045,Pre-test-blind (2017-2019),276.0,198.0,120.0,3.866607143,3.972790698,4.071071429,0.48439774456554674,67.175,0.717391304347826,0.6060606060606061,0.43478260869565216,0.20446428599999988,0.09828073100000001,Post-test-blind (2022-2025),0.06036651095939627,0.0,4.440892098500626e-16,0.0,0.0,-4.440892098500626e-16,-0.029159519725557415,1.0028838009128531
43694014331955.0,DEL MAR HIGH SCHOOL,San Jose,Santa Clara,145.0,92.0,47.0,3.9342,3.988157895,4.085,0.4629175252825825,51.5,0.6344827586206897,0.5108695652173914,0.32413793103448274,0.15079999999999982,0.0968421049999999,Pre-test-blind (2017-2019),253.0,176.0,85.0,3.9342,3.988157895,4.085,0.6750320389404595,58.275000000000006,0.6956521739130435,0.48295454545454547,0.3359683794466403,0.15079999999999982,0.0968421049999999,Post-test-blind (2022-2025),0.06116941529235376,0.0,0.0,0.0,0.0,0.0,-0.027915019762845883,0.9729591121438432
48705734830089.0,WILL C WOOD HIGH SCHOOL,Vacaville,Solano,163.0,93.0,62.0,3.798392857,3.912790698,4.07,0.42205992076211535,45.43333333333334,0.5705521472392638,0.6666666666666666,0.3803680981595092,0.2716071430000002,0.1572093020000005,Pre-test-blind (2017-2019),242.0,153.0,81.0,3.798392857,3.912790698,4.07,0.45001350292045544,46.325,0.6322314049586777,0.5294117647058824,0.3347107438016529,0.2716071430000002,0.1572093020000005,Post-test-blind (2022-2025),0.06167925771941385,0.0,0.0,0.0,0.0,0.0,-0.13725490196078427,0.9595040706229053
7617210730457.0,FREEDOM HIGH SCHOOL,Oakley,Contra Costa,223.0,137.0,81.0,3.839186047,3.94530303,4.110666667,0.37948075925105473,48.76666666666667,0.6143497757847534,0.5912408759124088,0.3632286995515695,0.2714806200000002,0.16536363700000045,Pre-test-blind (2017-2019),349.0,232.0,116.0,3.839186047,3.94530303,4.110666667,0.3326019833712855,49.025,0.664756446991404,0.5,0.332378223495702,0.2714806200000002,0.16536363700000045,Post-test-blind (2022-2025),0.050406671206650655,0.0,0.0,0.0,0.0,0.0,-0.09124087591240881,0.94167432971556
38684783834769.0,JOHN O'CONNELL HIGH SCHOOL,San Francisco,San Francisco,60.0,35.0,14.0,3.488571429,3.5980000000000003,,0.6505553197509903,39.03333333333334,0.5833333333333334,0.4,0.23333333333333334,,,Pre-test-blind (2017-2019),102.0,69.0,23.0,3.488571429,3.598,,0.7087772131250393,47.0,0.6764705882352942,0.3333333333333333,0.22549019607843138,,,Post-test-blind (2022-2025),0.09313725490196079,0.0,-4.440892098500626e-16,,,,-0.06666666666666671,0.9406401658278406
7617880735407.0,PITTSBURG HIGH SCHOOL,Pittsburg,Contra Costa,328.0,204.0,122.0,3.82562963,3.934545455,4.116,0.6577022711072665,37.699999999999996,0.6219512195121951,0.5980392156862745,0.3719512195121951,0.29037036999999977,0.1814545449999998,Pre-test-blind (2017-2019),564.0,373.0,191.0,3.82562963,3.934545455,4.116,0.7650428988678971,38.05,0.6613475177304965,0.5120643431635389,0.33865248226950356,0.29037036999999977,0.1814545449999998,Post-test-blind (2022-2025),0.03939629821830137,0.0,0.0,0.0,0.0,0.0,-0.08597487252273561,0.9356102440141458
41689244137790.0,WESTMOOR HIGH SCHOOL,Daly City,San Mateo,273.0,162.0,100.0,3.8504255320000005,3.972361111,4.009302326,0.3615683468408834,45.46666666666667,0.5934065934065934,0.6172839506172839,0.3663003663003663,0.15887679399999977,0.03694121500000014,Pre-test-blind (2017-2019),351.0,225.0,124.0,3.850425532,3.972361111,4.009302326,0.3615958989330821,46.625,0.6410256410256411,0.5511111111111111,0.35327635327635326,0.1588767940000002,0.03694121500000014,Post-test-blind (2022-2025),0.04761904761904767,-4.440892098500626e-16,0.0,0.0,4.440892098500626e-16,0.0,-0.06617283950617281,0.8921425711997721
,CREDO HIGH SCHOOL ARTS/LETTERS/SCI,Rohnert Park,Sonoma,27.0,17.0,11.0,3.805714286,3.9121052629999995,3.911111111,,,0.6296296296296297,0.6470588235294118,0.4074074074074074,0.1053968249999997,-0.0009941519999996373,Pre-test-blind (2017-2019),136.0,96.0,49.0,3.805714286,3.912105263,3.911111111,,,0.7058823529411765,0.5104166666666666,0.3602941176470588,0.1053968249999997,-0.0009941520000000814,Post-test-blind (2022-2025),0.07625272331154687,0.0,4.440892098500626e-16,0.0,0.0,-4.440892098500626e-16,-0.13664215686274517,0.8892519229611573
7617540730044.0,NORTHGATE HIGH SCHOOL,Walnut Creek,Contra Costa,487.0,312.0,171.0,3.9824719099999997,4.025174825,4.0908,0.107502058361389,70.10000000000001,0.6406570841889117,0.5480769230769231,0.351129363449692,0.1083280900000001,0.06562517500000009,Pre-test-blind (2017-2019),746.0,502.0,267.0,3.98247191,4.025174825,4.0908,0.1407791524666215,71.05,0.6729222520107239,0.5318725099601593,0.3579088471849866,0.10832808999999965,0.06562517500000009,Post-test-blind (2022-2025),0.03226516782181221,4.440892098500626e-16,0.0,0.0,-4.440892098500626e-16,0.0,-0.016204413116763794,0.8812585470274888
1611190130229.0,ALAMEDA HIGH SCHOOL,Alameda,Alameda,626.0,461.0,284.0,3.96852459,4.023732057,4.075772358,0.21002198691123297,64.96666666666667,0.7364217252396166,0.6160520607375272,0.4536741214057508,0.10724776800000013,0.0520403009999999,Pre-test-blind (2017-2019),993.0,759.0,405.0,3.96852459,4.023732057,4.075772358,0.31429694552348447,77.4,0.7643504531722054,0.5335968379446641,0.4078549848942598,0.10724776800000013,0.0520403009999999,Post-test-blind (2022-2025),0.027928727932588826,0.0,0.0,0.0,0.0,0.0,-0.0824552227928631,0.8800873519287954
1611190106401.0,ALAMEDA SCIENCE & TECHNICAL INST,Alameda,Alameda,112.0,81.0,57.0,4.06326087,4.09,4.148333333,0.27173266537116586,93.93333333333334,0.7232142857142857,0.7037037037037037,0.5089285714285714,0.08507246300000038,0.05833333300000021,Pre-test-blind (2017-2019),147.0,116.0,81.0,4.06326087,4.09,4.148333333,0.4530559733613342,90.875,0.7891156462585034,0.6982758620689655,0.5510204081632653,0.08507246300000038,0.05833333300000021,Post-test-blind (2022-2025),0.06590136054421769,0.0,0.0,0.0,0.0,0.0,-0.005427841634738195,0.7990115332534999
7616300730283.0,ACALANES HIGH SCHOOL,Lafayette,Contra Costa,452.0,264.0,119.0,3.980797546,3.9912499999999995,4.07245283,0.0432880400044606,80.60000000000001,0.584070796460177,0.45075757575757575,0.26327433628318586,0.09165528399999978,0.08120283000000006,Pre-test-blind (2017-2019),651.0,400.0,203.0,3.980797546,3.99125,4.07245283,0.07756456055677254,81.95,0.6144393241167435,0.5075,0.3118279569892473,0.09165528399999978,0.08120282999999962,Post-test-blind (2022-2025),0.030368527656566502,0.0,4.440892098500626e-16,0.0,0.0,-4.440892098500626e-16,0.056742424242424205,0.7748439225353687
49706074930400.0,ANALY HIGH SCHOOL,Sebastopol,Sonoma,175.0,105.0,52.0,3.887460317,3.965853659,4.046470588,0.2322354843926896,55.0,0.6,0.49523809523809526,0.29714285714285715,0.1590102710000001,0.08061692900000006,Pre-test-blind (2017-2019),290.0,187.0,92.0,3.887460317,3.965853659,4.046470588,0.41653743995708165,58.025,0.6448275862068965,0.4919786096256685,0.31724137931034485,0.1590102710000001,0.08061692900000006,Post-test-blind (2022-2025),0.04482758620689653,0.0,0.0,0.0,0.0,0.0,-0.0032594856124267824,0.7633862853691142
41689240127548.0,SUMMIT PUBLIC SCHOOLS SHASTA,Daly City,San Mateo,163.0,105.0,70.0,4.06890625,4.091702128,4.217391304,0.21682424540567624,97.39999999999999,0.6441717791411042,0.6666666666666666,0.4294478527607362,0.148485054,0.12568917600000074,Pre-test-blind (2017-2019),275.0,189.0,103.0,4.06890625,4.091702128,4.217391304,0.3050287072866003,100.0,0.6872727272727273,0.544973544973545,0.37454545454545457,0.148485054,0.12568917600000074,Post-test-blind (2022-2025),0.04310094813162302,0.0,0.0,0.0,0.0,0.0,-0.12169312169312163,0.7147483653058159
48705814838504.0,VALLEJO HIGH SCHOOL,Vallejo,Solano,81.0,51.0,27.0,3.725714286,3.891428571,4.078333333,0.7048089660509552,32.833333333333336,0.6296296296296297,0.5294117647058824,0.3333333333333333,0.3526190469999997,0.18690476199999972,Pre-test-blind (2017-2019),85.0,60.0,29.0,3.725714286,3.891428571,4.078333333,0.8330500044261324,26.0,0.7058823529411765,0.48333333333333334,0.3411764705882353,0.3526190469999997,0.18690476199999972,Post-test-blind (2022-2025),0.07625272331154687,0.0,0.0,0.0,0.0,0.0,-0.04607843137254902,0.70301537256046
7617960101477.0,LEADERSHIP PUBLIC SCH RICHMOND,Richmond,Contra Costa,202.0,131.0,70.0,3.716666667,3.805,3.92125,0.858451160052336,96.10000000000001,0.6485148514851485,0.5343511450381679,0.3465346534653465,0.20458333299999998,0.11624999999999996,Pre-test-blind (2017-2019),174.0,122.0,51.0,3.716666667,3.805,3.92125,0.6346233782205005,65.8,0.7011494252873564,0.4180327868852459,0.29310344827586204,0.20458333299999998,0.11624999999999996,Post-test-blind (2022-2025),0.05263457380220782,0.0,0.0,0.0,0.0,0.0,-0.11631835815292202,0.6942977131786988
41688904132817.0,HALF MOON BAY HIGH SCHOOL,Half Moon Bay,San Mateo,197.0,127.0,60.0,4.022533333,4.112622951,4.133214286,0.3527029084818029,55.36666666666667,0.6446700507614214,0.47244094488188976,0.30456852791878175,0.11068095300000014,0.020591335000000655,Pre-test-blind (2017-2019),322.0,220.0,105.0,4.022533333,4.112622951,4.133214286,0.3126084801543047,34.3,0.6832298136645962,0.4772727272727273,0.32608695652173914,0.11068095300000014,0.020591335000000655,Post-test-blind (2022-2025),0.038559762903174866,0.0,0.0,0.0,0.0,0.0,0.004831782390837536,0.6919302070859441
,ROSELAND UNIVERSITY PREP,Santa Rosa,Sonoma,92.0,63.0,40.0,3.857619048,3.976470588,4.055833333,,,0.6847826086956522,0.6349206349206349,0.43478260869565216,0.1982142849999997,0.07936274499999962,Pre-test-blind (2017-2019),126.0,94.0,55.0,3.857619048,3.976470588,4.055833333,,,0.746031746031746,0.5851063829787234,0.4365079365079365,0.1982142849999997,0.07936274499999962,Post-test-blind (2022-2025),0.06124913733609383,0.0,0.0,0.0,0.0,0.0,-0.04981425194191147,0.6875198614413812
7617540734566.0,MOUNT DIABLO HIGH SCHOOL,Concord,Contra Costa,106.0,65.0,37.0,3.711666667,3.842692308,4.10375,0.7669686988753716,34.93333333333333,0.6132075471698113,0.5692307692307692,0.3490566037735849,0.392083333,0.2610576919999996,Pre-test-blind (2017-2019),184.0,122.0,49.0,3.711666667,3.842692308,4.10375,0.6759765015098731,27.775,0.6630434782608695,0.4016393442622951,0.266304347826087,0.392083333,0.2610576919999996,Post-test-blind (2022-2025),0.049835931091058217,0.0,0.0,0.0,0.0,0.0,-0.16759142496847412,0.6760074593516978
49753904932554.0,HEALDSBURG HIGH SCHOOL,Healdsburg,Sonoma,87.0,55.0,28.0,3.87125,3.966744186,4.094736842,0.4423047036187622,48.63333333333333,0.632183908045977,0.509090909090909,0.3218390804597701,0.2234868419999998,0.12799265599999954,Pre-test-blind (2017-2019),162.0,111.0,50.0,3.87125,3.966744186,4.094736842,0.5349042419805453,63.575,0.6851851851851852,0.45045045045045046,0.30864197530864196,0.2234868419999998,0.12799265599999954,Post-test-blind (2022-2025),0.053001277139208214,0.0,0.0,0.0,0.0,0.0,-0.05864045864045858,0.67459612458027
7617540737809.0,YGNACIO VALLEY HIGH SCHOOL,Concord,Contra Costa,86.0,58.0,37.0,3.57,3.855714286,3.9722222220000005,0.7510933347367313,22.2,0.6744186046511628,0.6379310344827587,0.43023255813953487,0.4022222220000007,0.11650793600000053,Pre-test-blind (2017-2019),151.0,110.0,43.0,3.57,3.855714286,3.972222222,0.8303840968652455,29.575,0.7284768211920529,0.39090909090909093,0.2847682119205298,0.40222222200000024,0.11650793600000009,Post-test-blind (2022-2025),0.05405821654089016,0.0,0.0,-4.440892098500626e-16,-4.440892098500626e-16,-4.440892098500626e-16,-0.24702194357366775,0.6642784861132018
7617390730549.0,ALHAMBRA HIGH SCHOOL,Martinez,Contra Costa,132.0,79.0,43.0,3.935365854,3.967352941,4.184545455,0.20974364624113387,51.833333333333336,0.5984848484848485,0.5443037974683544,0.32575757575757575,0.24917960100000025,0.21719251400000017,Pre-test-blind (2017-2019),221.0,142.0,61.0,3.935365854,3.967352941,4.184545455,0.33006614199106754,50.875,0.6425339366515838,0.4295774647887324,0.27601809954751133,0.24917960100000025,0.21719251400000017,Post-test-blind (2022-2025),0.04404908816673525,0.0,0.0,0.0,0.0,0.0,-0.11472633267962207,0.6548367729433804
7618040736504.0,SAN RAMON VALLEY HIGH SCHOOL,Danville,Contra Costa,554.0,303.0,150.0,3.886010638,3.957964602,4.047962963,0.0355699476275315,77.66666666666667,0.5469314079422383,0.49504950495049505,0.27075812274368233,0.16195232499999968,0.0899983609999997,Pre-test-blind (2017-2019),800.0,456.0,207.0,3.886010638,3.957964602,4.047962963,0.05527649388088499,70.05,0.57,0.45394736842105265,0.25875,0.16195232499999968,0.0899983609999997,Post-test-blind (2022-2025),0.023068592057761683,0.0,0.0,0.0,0.0,0.0,-0.04110213652944239,0.6524783150587767
38684780107300.0,CITY ARTS AND LEADERSHIP ACADEMY,San Francisco,San Francisco,54.0,33.0,17.0,3.74,3.880869565,4.0,0.7131188862451031,100.0,0.6111111111111112,0.5151515151515151,0.3148148148148148,0.2599999999999998,0.1191304350000002,Pre-test-blind (2017-2019),118.0,79.0,24.0,3.74,3.880869565,4.0,0.638886462095413,99.025,0.6694915254237288,0.3037974683544304,0.2033898305084746,0.2599999999999998,0.1191304350000002,Post-test-blind (2022-2025),0.058380414312617646,0.0,0.0,0.0,0.0,0.0,-0.21135404679708475,0.6341736256632888
7616300731125.0,CAMPOLINDO HIGH SCHOOL,Moraga,Contra Costa,489.0,334.0,172.0,4.002406417,4.0425,4.073333333,0.02929949515826823,84.93333333333334,0.6830265848670757,0.5149700598802395,0.35173824130879344,0.07092691599999945,0.030833332999999463,Pre-test-blind (2017-2019),771.0,544.0,257.0,4.002406417,4.0425,4.073333333,0.05155540733162673,83.4,0.7055771725032426,0.4724264705882353,0.3333333333333333,0.07092691599999945,0.030833332999999463,Post-test-blind (2022-2025),0.022550587636166908,0.0,0.0,0.0,0.0,0.0,-0.04254358929200419,0.6261596131257574
1612750136515.0,PIEDMONT HIGH SCHOOL,Piedmont,Alameda,385.0,247.0,93.0,3.964932432,3.994766355,3.999268293,0.012908696201418867,96.60000000000001,0.6415584415584416,0.3765182186234818,0.24155844155844156,0.03433586100000019,0.004501938000000205,Pre-test-blind (2017-2019),554.0,370.0,150.0,3.964932432,3.994766355,3.999268293,0.03547149717818767,95.15,0.6678700361010831,0.40540540540540543,0.27075812274368233,0.03433586100000019,0.004501938000000205,Post-test-blind (2022-2025),0.026311594542641537,0.0,0.0,0.0,0.0,0.0,0.028887186781923646,0.6193013838887377
41690474133070.0,HILLSDALE HIGH SCHOOL,San Mateo,San Mateo,357.0,232.0,121.0,3.961548387,4.010964912,4.139512195,0.19035121255656007,67.36666666666666,0.6498599439775911,0.521551724137931,0.3389355742296919,0.1779638079999999,0.12854728299999962,Pre-test-blind (2017-2019),656.0,442.0,191.0,3.961548387,4.010964912,4.139512195,0.20975249799112236,74.95,0.6737804878048781,0.4321266968325792,0.29115853658536583,0.1779638079999999,0.12854728299999962,Post-test-blind (2022-2025),0.023920543827287033,0.0,0.0,0.0,0.0,0.0,-0.08942502730535185,0.6126648558123052
41690474134557.0,MILLS HIGH SCHOOL,Millbrae,San Mateo,486.0,354.0,233.0,3.925477707,3.99,4.083013699,0.19339568377295838,76.93333333333334,0.7283950617283951,0.6581920903954802,0.4794238683127572,0.15753599200000012,0.09301369900000012,Pre-test-blind (2017-2019),656.0,493.0,285.0,3.925477707,3.99,4.083013699,0.18697782461977305,73.225,0.7515243902439024,0.5780933062880325,0.4344512195121951,0.15753599200000012,0.09301369900000012,Post-test-blind (2022-2025),0.023129328515507308,0.0,0.0,0.0,0.0,0.0,-0.08009878410744775,0.5923998560527662
1611760130534.0,CIRCLE OF INDEPENDENT LEARNING,Fremont,Alameda,10.0,7.0,5.0,4.0,3.988571429,,0.3206521739130434,16.9,0.7,0.7142857142857143,0.5,,,Pre-test-blind (2017-2019),34.0,27.0,10.0,4.0,3.988571429,,0.41047643747245594,16.425,0.7941176470588235,0.37037037037037035,0.29411764705882354,,,Post-test-blind (2022-2025),0.09411764705882353,0.0,0.0,,,,-0.34391534391534395,0.5487954724560283
,ENCINAL HIGH SCHOOL,Alameda,Alameda,219.0,152.0,104.0,3.9440000000000004,4.026571429,4.153636364,,,0.6940639269406392,0.6842105263157895,0.4748858447488584,0.2096363639999992,0.12706493499999993,Pre-test-blind (2017-2019),378.0,273.0,146.0,3.944,4.026571429,4.153636364,,,0.7222222222222222,0.5347985347985348,0.3862433862433862,0.20963636399999963,0.12706493499999993,Post-test-blind (2022-2025),0.02815829528158298,-4.440892098500626e-16,0.0,0.0,4.440892098500626e-16,0.0,-0.1494119915172547,0.5474598306874225
38684780102103.0,JUNE JORDAN SCHOOL FOR EQUITY,San Francisco,San Francisco,45.0,26.0,12.0,3.8540000000000005,,,0.6894111740775806,75.76666666666667,0.5777777777777777,0.46153846153846156,0.26666666666666666,,,Pre-test-blind (2017-2019),36.0,24.0,4.0,3.854,,,0.654199947599455,54.575,0.6666666666666666,0.16666666666666666,0.1111111111111111,,,Post-test-blind (2022-2025),0.0888888888888889,-4.440892098500626e-16,,,,,-0.29487179487179493,0.5333333333333334
49709204930160.0,ELSIE ALLEN HIGH SCHOOL,Santa Rosa,Sonoma,53.0,33.0,12.0,3.845294118,3.9046666669999994,,0.6760384413464354,21.833333333333332,0.6226415094339622,0.36363636363636365,0.22641509433962265,,,Pre-test-blind (2017-2019),73.0,50.0,14.0,3.845294118,3.904666667,,0.6023210773815281,19.1,0.684931506849315,0.28,0.1917808219178082,,,Post-test-blind (2022-2025),0.062289997415352794,0.0,4.440892098500626e-16,,,,-0.08363636363636362,0.5322059712125936
,EVEREST PUBLIC HIGH SCHOOL,Redwood City,San Mateo,157.0,105.0,49.0,4.022307692,4.118,4.18,,,0.6687898089171974,0.4666666666666667,0.31210191082802546,0.15769230799999967,0.06199999999999939,Pre-test-blind (2017-2019),103.0,74.0,23.0,4.022307692,4.118,4.18,,,0.7184466019417476,0.3108108108108108,0.22330097087378642,0.15769230799999967,0.06199999999999939,Post-test-blind (2022-2025),0.04965679302455017,0.0,0.0,0.0,0.0,0.0,-0.15585585585585587,0.5039614078763874
41690704137279.0,SOUTH SAN FRANCISCO HS,South San Francisco,San Mateo,187.0,93.0,58.0,3.62625,3.803055556,3.9588888889999994,0.42209439556393513,37.5,0.49732620320855614,0.6236559139784946,0.31016042780748665,0.33263888899999916,0.15583333299999946,Pre-test-blind (2017-2019),271.0,143.0,66.0,3.62625,3.803055556,3.958888889,0.4154163388008727,45.575,0.5276752767527675,0.46153846153846156,0.24354243542435425,0.3326388889999996,0.1558333329999999,Post-test-blind (2022-2025),0.030349073544211347,0.0,0.0,4.440892098500626e-16,4.440892098500626e-16,4.440892098500626e-16,-0.16211745244003306,0.4996088047791174
38684783830197.0,INDEPENDENCE HIGH SCHOOL,San Francisco,San Francisco,5.0,3.0,0.0,3.5725,3.634,,0.5268817204301075,37.5,0.6,0.0,0.0,,,Pre-test-blind (2017-2019),51.0,34.0,17.0,3.5725,3.634,,0.5268308488247427,29.150000000000002,0.6666666666666666,0.5,0.3333333333333333,,,Post-test-blind (2022-2025),0.06666666666666665,0.0,0.0,,,,0.5,0.47609522856952324
48705400125310.0,PUBLIC SAFETY ACADEMY,Fairfield,Solano,42.0,27.0,13.0,4.081538462,4.059,4.18,0.5172556295858987,69.03333333333335,0.6428571428571429,0.48148148148148145,0.30952380952380953,0.09846153799999957,0.12099999999999955,Pre-test-blind (2017-2019),42.0,30.0,15.0,4.081538462,4.059,4.18,0.4687062577336352,70.125,0.7142857142857143,0.5,0.35714285714285715,0.09846153799999957,0.12099999999999955,Post-test-blind (2022-2025),0.0714285714285714,0.0,0.0,0.0,0.0,0.0,0.018518518518518545,0.46291004988627554
48705404833000.0,FAIRFIELD HIGH SCHOOL,Fairfield,Solano,73.0,49.0,24.0,3.63125,3.790454545,3.9500000000000006,0.7016651709735675,29.3,0.6712328767123288,0.4897959183673469,0.3287671232876712,0.31875000000000053,0.15954545500000084,Pre-test-blind (2017-2019),122.0,86.0,43.0,3.63125,3.790454545,3.95,0.6714604908927897,22.45,0.7049180327868853,0.5,0.3524590163934426,0.3187500000000001,0.1595454550000004,Post-test-blind (2022-2025),0.033685156074556466,0.0,0.0,-4.440892098500626e-16,-4.440892098500626e-16,-4.440892098500626e-16,0.010204081632653073,0.37206470976377465
1100170112607.0,ENVISION ACAD ARTS/TECHNOLOGY,Oakland,Alameda,74.0,49.0,26.0,3.536153846,3.89125,3.8933333329999997,0.7608344635135231,100.0,0.6621621621621622,0.5306122448979592,0.35135135135135137,0.3571794869999998,0.002083332999999854,Pre-test-blind (2017-2019),74.0,52.0,28.0,3.536153846,3.89125,3.893333333,0.7507841799227002,98.025,0.7027027027027027,0.5384615384615384,0.3783783783783784,0.35717948700000024,0.002083333000000298,Post-test-blind (2022-2025),0.04054054054054057,0.0,0.0,4.440892098500626e-16,4.440892098500626e-16,4.440892098500626e-16,0.007849293563579218,0.3487429162314581
21733612134310.0,TOMALES HIGH SCHOOL,Tomales,Marin,35.0,22.0,3.0,3.684285714,,,0.5030094340753527,65.83333333333333,0.6285714285714286,0.13636363636363635,0.08571428571428572,,,Pre-test-blind (2017-2019),35.0,24.0,11.0,3.684285714,,,0.6333718774663657,41.7,0.6857142857142857,0.4583333333333333,0.3142857142857143,,,Post-test-blind (2022-2025),0.05714285714285716,0.0,,,,,0.32196969696969696,0.3380617018914068
43695830102368.0,ANN SOBRATO HIGH SCHOOL,Morgan Hill,Santa Clara,318.0,209.0,94.0,3.948646617,4.043854167,4.13106383,0.3056382320719184,59.699999999999996,0.6572327044025157,0.44976076555023925,0.29559748427672955,0.18241721300000036,0.08720966300000033,Pre-test-blind (2017-2019),518.0,348.0,176.0,3.948646617,4.043854167,4.13106383,0.2981651970129405,64.2,0.6718146718146718,0.5057471264367817,0.33976833976833976,0.18241721300000036,0.08720966300000033,Post-test-blind (2022-2025),0.014581967412156116,0.0,0.0,0.0,0.0,0.0,0.05598636088654241,0.33187994023374895
48705734830113.0,BUCKINGHAM COLLEGIATE CHARTER,Vacaville,Solano,54.0,34.0,19.0,3.8505,3.913333333,3.788333333,0.1888555090931041,60.0,0.6296296296296297,0.5588235294117647,0.35185185185185186,-0.06216666699999962,-0.125,Pre-test-blind (2017-2019),95.0,63.0,32.0,3.8505,3.913333333,3.788333333,0.3147648413471198,68.925,0.6631578947368421,0.5079365079365079,0.3368421052631579,-0.06216666699999962,-0.125,Post-test-blind (2022-2025),0.03352826510721241,0.0,0.0,0.0,0.0,0.0,-0.05088702147525681,0.3267931047382336
38684783830403.0,THURGOOD MARSHALL ACADEMIC HS,San Francisco,San Francisco,63.0,43.0,28.0,3.6894736840000006,3.848571429,4.09,0.6328155116563042,31.96666666666667,0.6825396825396826,0.6511627906976745,0.4444444444444444,0.4005263159999992,0.2414285709999997,Pre-test-blind (2017-2019),85.0,61.0,33.0,3.689473684,3.848571429,4.09,0.7587975829779919,40.175,0.7176470588235294,0.5409836065573771,0.38823529411764707,0.40052631599999966,0.2414285709999997,Post-test-blind (2022-2025),0.03510737628384686,-4.440892098500626e-16,0.0,0.0,4.440892098500626e-16,0.0,-0.11017918414029737,0.32367401642783605
28662662830115.0,NEW TECHNOLOGY HIGH SCHOOL,Napa,Napa,55.0,35.0,21.0,3.8325,3.949166667,3.968333333,0.36346717350630114,57.800000000000004,0.6363636363636364,0.6,0.38181818181818183,0.1358333329999999,0.019166665999999832,Pre-test-blind (2017-2019),76.0,51.0,28.0,3.8325,3.949166667,3.968333333,0.6711600056605445,50.05,0.6710526315789473,0.5490196078431373,0.3684210526315789,0.1358333329999999,0.019166665999999832,Post-test-blind (2022-2025),0.03468899521531099,0.0,0.0,0.0,0.0,0.0,-0.050980392156862675,0.30241164919301317
1611920137646.0,IMPACT ACAD ARTS/TECHNOLOGY,Hayward,Alameda,127.0,83.0,46.0,3.878648649,4.03625,4.012,0.6425178147268409,100.0,0.6535433070866141,0.5542168674698795,0.36220472440944884,0.1333513509999995,-0.024250000000000327,Pre-test-blind (2017-2019),179.0,121.0,48.0,3.878648649,4.03625,4.012,0.5811219660251729,99.75,0.6759776536312849,0.39669421487603307,0.2681564245810056,0.1333513509999995,-0.024250000000000327,Post-test-blind (2022-2025),0.022434346544670802,0.0,0.0,0.0,0.0,0.0,-0.15752265259384646,0.3001511002389672
1613090114421.0,KIPP KING COLLEGIATE HIGH SCH,San Lorenzo,Alameda,229.0,180.0,105.0,3.911470588,4.006962025,4.211785714,0.6358798280450392,100.0,0.7860262008733624,0.5833333333333334,0.4585152838427948,0.30031512600000054,0.20482368900000036,Pre-test-blind (2017-2019),397.0,318.0,140.0,3.911470588,4.006962025,4.211785714,0.7246288310495391,100.0,0.801007556675063,0.44025157232704404,0.3526448362720403,0.30031512600000054,0.20482368900000036,Post-test-blind (2022-2025),0.014981355801700569,0.0,0.0,0.0,0.0,0.0,-0.14308176100628933,0.2985013996581716
7617960132100.0,ASPIRE RICHMOND CA COLG PREP,Richmond,Contra Costa,49.0,34.0,17.0,3.8193548390000003,3.901304348,4.08,0.6937030844736881,94.8,0.6938775510204082,0.5,0.3469387755102041,0.2606451609999998,0.17869565200000004,Pre-test-blind (2017-2019),134.0,96.0,46.0,3.819354839,3.901304348,4.08,0.7770481240188869,84.6,0.7164179104477612,0.4791666666666667,0.34328358208955223,0.26064516100000024,0.17869565200000004,Post-test-blind (2022-2025),0.022540359427352996,-4.440892098500626e-16,0.0,0.0,4.440892098500626e-16,0.0,-0.020833333333333315,0.26092352446130834
1611430131177.0,BERKELEY HIGH SCHOOL,Berkeley,Alameda,1221.0,968.0,442.0,3.947409766,4.021345178,4.069265537,0.2744019624627642,75.63333333333333,0.7927927927927928,0.45661157024793386,0.361998361998362,0.12185577099999989,0.04792035899999991,Pre-test-blind (2017-2019),1897.0,1515.0,741.0,3.947409766,4.021345178,4.069265537,0.23738937406647706,75.625,0.7986294148655773,0.4891089108910891,0.3906167633104902,0.12185577099999989,0.04792035899999991,Post-test-blind (2022-2025),0.005836622072784459,0.0,0.0,0.0,0.0,0.0,0.03249734064315524,0.25421152658232565
43694844332839.0,GILROY HIGH SCHOOL,Gilroy,Santa Clara,120.0,70.0,32.0,3.8123076919999996,3.950263158,4.005,0.6019992124559471,40.9,0.5833333333333334,0.45714285714285713,0.26666666666666666,0.19269230800000026,0.05473684200000006,Pre-test-blind (2017-2019),178.0,107.0,51.0,3.812307692,3.950263158,4.005,0.5132059899564929,46.975,0.601123595505618,0.4766355140186916,0.28651685393258425,0.1926923079999998,0.05473684200000006,Post-test-blind (2022-2025),0.017790262172284632,4.440892098500626e-16,0.0,0.0,-4.440892098500626e-16,0.0,0.019492656875834458,0.23735170151535598
1612590130617.0,OAKLAND MILITARY INST COL PREP,Oakland,Alameda,101.0,56.0,46.0,3.5176923079999995,3.912307692,3.9488888890000005,0.7745082657168013,69.96666666666665,0.5544554455445545,0.8214285714285714,0.45544554455445546,0.4311965810000009,0.03658119700000029,Pre-test-blind (2017-2019),127.0,73.0,46.0,3.517692308,3.912307692,3.948888889,0.8488102294023346,61.425,0.5748031496062992,0.6301369863013698,0.36220472440944884,0.431196581,0.03658119699999984,Post-test-blind (2022-2025),0.020347704061744687,4.440892098500626e-16,0.0,-4.440892098500626e-16,-8.881784197001252e-16,-4.440892098500626e-16,-0.19129158512720157,0.22930697916594542
21654822131340.0,ARCHIE WILLIAMS HIGH SCHOOL,San Anselmo,Marin,331.0,202.0,102.0,3.919925926,3.976597938,4.096923077,0.10230207991261042,75.76666666666667,0.6102719033232629,0.504950495049505,0.3081570996978852,0.1769971509999997,0.12032513899999975,Pre-test-blind (2017-2019),601.0,372.0,157.0,3.919925926,3.976597938,4.096923077,0.10791954400105958,74.65,0.6189683860232945,0.4220430107526882,0.2612312811980033,0.1769971509999997,0.12032513899999975,Post-test-blind (2022-2025),0.00869648270003165,0.0,0.0,0.0,0.0,0.0,-0.08290748429681677,0.21319689402644168
1611760135244.0,MISSION SAN JOSE HIGH SCHOOL,Fremont,Alameda,1268.0,1095.0,537.0,3.863342697,3.917468354,3.953564356,0.05416129441919243,81.60000000000001,0.863564668769716,0.4904109589041096,0.4235015772870662,0.09022165899999957,0.03609600199999985,Pre-test-blind (2017-2019),1677.0,1456.0,608.0,3.863342697,3.917468354,3.953564356,0.13160370068536204,92.225,0.8682170542635659,0.4175824175824176,0.3625521765056649,0.09022165899999957,0.03609600199999985,Post-test-blind (2022-2025),0.004652385493849831,0.0,0.0,0.0,0.0,0.0,-0.07282854132169198,0.19052072444680537
7616300734244.0,MIRAMONTE HIGH SCHOOL,Orinda,Contra Costa,547.0,364.0,156.0,4.00685567,4.016322581,4.053333333,0.03262242401535693,87.86666666666667,0.6654478976234004,0.42857142857142855,0.2851919561243144,0.04647766300000011,0.03701075200000048,Pre-test-blind (2017-2019),742.0,497.0,185.0,4.00685567,4.016322581,4.053333333,0.04599169708796206,86.725,0.6698113207547169,0.3722334004024145,0.24932614555256064,0.04647766300000011,0.03701075200000048,Post-test-blind (2022-2025),0.004363423131316546,0.0,0.0,0.0,0.0,0.0,-0.056338028169014065,0.11885823646595953
48705244831004.0,BENICIA HIGH SCHOOL,Benicia,Solano,278.0,186.0,115.0,3.8986956519999993,4.054411765,4.121891892,0.20426262383356075,46.1,0.6690647482014388,0.6182795698924731,0.4136690647482014,0.2231962400000005,0.06748012699999961,Pre-test-blind (2017-2019),398.0,268.0,143.0,3.898695652,4.054411765,4.121891892,0.23831367386822055,57.25,0.6733668341708543,0.5335820895522388,0.3592964824120603,0.22319624000000005,0.06748012699999961,Post-test-blind (2022-2025),0.004302085969415503,4.440892098500626e-16,0.0,0.0,-4.440892098500626e-16,0.0,-0.08469748034023428,0.08582634553515726
43694684334421.0,LYNBROOK HIGH SCHOOL,San Jose,Santa Clara,1035.0,858.0,391.0,4.05754386,4.068233333,4.074123711,0.05568709500662943,91.23333333333333,0.8289855072463768,0.4557109557109557,0.37777777777777777,0.016579851000000367,0.0058903780000001404,Pre-test-blind (2017-2019),1500.0,1245.0,475.0,4.05754386,4.068233333,4.074123711,0.05508626675935766,92.025,0.83,0.3815261044176707,0.31666666666666665,0.016579851000000367,0.0058903780000001404,Post-test-blind (2022-2025),0.0010144927536231974,0.0,0.0,0.0,0.0,0.0,-0.074184851293285,0.03929113539630747
43694270116889.0,KIPP SAN JOSE COLLEGIATE,San Jose,Santa Clara,181.0,150.0,71.0,3.6632183909999996,3.752571429,4.150769231,0.7085753752363314,99.66666666666667,0.8287292817679558,0.47333333333333333,0.39226519337016574,0.4875508400000004,0.3981978019999999,Pre-test-blind (2017-2019),312.0,259.0,92.0,3.663218391,3.752571429,4.150769231,0.7226384500862616,100.0,0.8301282051282052,0.3552123552123552,0.2948717948717949,0.48755083999999993,0.3981978019999999,Post-test-blind (2022-2025),0.0013989233602493822,4.440892098500626e-16,0.0,0.0,-4.440892098500626e-16,0.0,-0.1181209781209781,0.024709913176084695
28662412831758.0,CALISTOGA JUNIOR SENIOR HIGH SCHOOL,Calistoga,Napa,39.0,32.0,20.0,3.5656,3.645909091,4.082,0.6291713367763091,36.53333333333333,0.8205128205128205,0.625,0.5128205128205128,0.5164,0.4360909089999998,Pre-test-blind (2017-2019),106.0,87.0,32.0,3.5656,3.645909091,4.082,0.8445093563329293,54.1,0.8207547169811321,0.367816091954023,0.3018867924528302,0.5164,0.4360909089999998,Post-test-blind (2022-2025),0.00024189646831163092,0.0,0.0,0.0,0.0,0.0,-0.257183908045977,0.0024904765701475344
21654172133056.0,SAN MARIN HIGH SCHOOL,Novato,Marin,218.0,141.0,77.0,3.816521739,3.91721519,3.917419355,0.22610430582033036,54.9,0.6467889908256881,0.5460992907801419,0.3532110091743119,0.10089761599999969,0.0002041649999999784,Pre-test-blind (2017-2019),420.0,270.0,118.0,3.816521739,3.91721519,3.917419355,0.2643541716293824,68.45,0.6428571428571429,0.43703703703703706,0.28095238095238095,0.10089761599999969,0.0002041649999999784,Post-test-blind (2022-2025),-0.003931847968545177,0.0,0.0,0.0,0.0,0.0,-0.1090622537431048,-0.08057890510584138
28662660121087.0,AMERICAN CANYON HIGH SCHOOL,American Canyon,Napa,236.0,151.0,101.0,3.8802105260000004,3.990149254,4.085172414,0.348250800559405,61.199999999999996,0.6398305084745762,0.6688741721854304,0.4279661016949153,0.20496188799999926,0.09502315999999977,Pre-test-blind (2017-2019),403.0,256.0,139.0,3.880210526,3.990149254,4.085172414,0.5492528201757371,55.375,0.6352357320099256,0.54296875,0.34491315136476425,0.2049618879999997,0.09502315999999977,Post-test-blind (2022-2025),-0.004594776464650674,-4.440892098500626e-16,0.0,0.0,4.440892098500626e-16,0.0,-0.12590542218543044,-0.09223949379914995
48705404830451.0,ARMIJO HIGH SCHOOL,Fairfield,Solano,263.0,180.0,120.0,3.8042553190000006,3.8814285709999994,4.0445,0.6174990998156438,44.73333333333333,0.6844106463878327,0.6666666666666666,0.45627376425855515,0.24024468099999963,0.16307142900000082,Pre-test-blind (2017-2019),212.0,143.0,89.0,3.804255319,3.881428571,4.0445,0.653725679789131,33.65,0.6745283018867925,0.6223776223776224,0.419811320754717,0.24024468100000007,0.16307142900000038,Post-test-blind (2022-2025),-0.009882344501040197,-4.440892098500626e-16,4.440892098500626e-16,0.0,4.440892098500626e-16,-4.440892098500626e-16,-0.04428904428904423,-0.14388910786259937
49709204936803.0,SANTA ROSA HIGH SCHOOL,Santa Rosa,Sonoma,191.0,122.0,64.0,3.79509434,3.9184615380000003,3.9528571430000006,0.3691159784521783,34.1,0.6387434554973822,0.5245901639344263,0.33507853403141363,0.15776280300000067,0.03439560500000027,Pre-test-blind (2017-2019),253.0,159.0,77.0,3.79509434,3.918461538,3.952857143,0.44918853207376747,35.925,0.6284584980237155,0.48427672955974843,0.30434782608695654,0.15776280300000023,0.03439560500000027,Post-test-blind (2022-2025),-0.010284957473666756,0.0,-4.440892098500626e-16,-4.440892098500626e-16,-4.440892098500626e-16,0.0,-0.040313434374677826,-0.1635922632934969
7617210733980.0,LIBERTY HIGH SCHOOL,Brentwood,Contra Costa,240.0,152.0,71.0,3.795181818,3.9507042250000004,4.056086957,0.29484575985665223,54.1,0.6333333333333333,0.46710526315789475,0.29583333333333334,0.2609051389999997,0.10538273199999937,Pre-test-blind (2017-2019),431.0,269.0,137.0,3.795181818,3.950704225,4.056086957,0.26980182142811254,56.775,0.6241299303944315,0.5092936802973977,0.31786542923433875,0.2609051389999997,0.10538273199999981,Post-test-blind (2022-2025),-0.009203402938901761,0.0,-4.440892098500626e-16,0.0,0.0,4.440892098500626e-16,0.042188417139503,-0.19106761017410456
49706564930855.0,CLOVERDALE HIGH SCHOOL,Cloverdale,Sonoma,35.0,25.0,10.0,4.052,4.074615385,4.122,0.5086368211999871,32.800000000000004,0.7142857142857143,0.4,0.2857142857142857,0.07000000000000028,0.047384614999999464,Pre-test-blind (2017-2019),61.0,42.0,17.0,4.052,4.074615385,4.122,0.5058267747598477,27.75,0.6885245901639344,0.40476190476190477,0.2786885245901639,0.07000000000000028,0.047384614999999464,Post-test-blind (2022-2025),-0.025761124121779888,0.0,0.0,0.0,0.0,0.0,0.004761904761904745,-0.20120081132312245
1611920108670.0,LEADERSHIP PUBLIC SCH HAYWARD,Hayward,Alameda,204.0,156.0,93.0,3.823965517,3.8737777779999996,4.072857143,0.611430883235151,93.7,0.7647058823529411,0.5961538461538461,0.45588235294117646,0.24889162600000025,0.19907936500000067,Pre-test-blind (2017-2019),229.0,171.0,85.0,3.823965517,3.873777778,4.072857143,0.5104877908467294,71.2,0.7467248908296943,0.49707602339181284,0.37117903930131,0.24889162600000025,0.19907936500000023,Post-test-blind (2022-2025),-0.017980991523246836,0.0,4.440892098500626e-16,0.0,0.0,-4.440892098500626e-16,-0.09907782276203331,-0.2721017766579779
7617540731836.0,CONCORD HIGH SCHOOL,Concord,Contra Costa,178.0,119.0,72.0,3.831707317,4.017037037,4.13125,0.4996696388811624,40.199999999999996,0.6685393258426966,0.6050420168067226,0.4044943820224719,0.29954268299999987,0.11421296299999995,Pre-test-blind (2017-2019),182.0,118.0,49.0,3.831707317,4.017037037,4.13125,0.49802955773545404,36.225,0.6483516483516484,0.4152542372881356,0.2692307692307692,0.29954268299999987,0.11421296299999995,Post-test-blind (2022-2025),-0.020187677491048217,0.0,0.0,0.0,0.0,0.0,-0.18978777951858705,-0.2723466590428982
21654822132587.0,REDWOOD HIGH SCHOOL,Larkspur,Marin,667.0,396.0,179.0,3.941550388,4.036707317,4.104520548,0.07156872414790773,78.16666666666667,0.5937031484257871,0.45202020202020204,0.2683658170914543,0.16297015999999998,0.0678132309999997,Pre-test-blind (2017-2019),1104.0,643.0,271.0,3.941550388,4.036707317,4.104520548,0.0845855329722817,80.025,0.582427536231884,0.4214618973561431,0.24547101449275363,0.16297015999999998,0.0678132309999997,Post-test-blind (2022-2025),-0.01127561219390305,0.0,0.0,0.0,0.0,0.0,-0.030558304664058955,-0.3746490772755404
7773540132233.0,JOHN HENRY HIGH SCHOOL,Richmond,Contra Costa,32.0,24.0,14.0,3.885909091,3.899285714,,,,0.75,0.5833333333333334,0.4375,,,Pre-test-blind (2017-2019),100.0,70.0,35.0,3.885909091,3.899285714,,0.7985680067092056,90.35,0.7,0.5,0.35,,,Post-test-blind (2022-2025),-0.050000000000000044,0.0,0.0,,,,-0.08333333333333337,-0.5000000000000004
48705324832259.0,DIXON HIGH SCHOOL,Dixon,Solano,152.0,93.0,49.0,3.858695652,4.037037037,4.115,0.45915482968021526,43.5,0.6118421052631579,0.5268817204301075,0.3223684210526316,0.256304348,0.07796296300000005,Pre-test-blind (2017-2019),209.0,118.0,55.0,3.858695652,4.037037037,4.115,0.5234858058820461,45.525,0.5645933014354066,0.4661016949152542,0.2631578947368421,0.256304348,0.07796296300000005,Post-test-blind (2022-2025),-0.04724880382775121,0.0,0.0,0.0,0.0,0.0,-0.060780025514853286,-0.6830680330677489
,ASPIRE GOLDEN STATE COLLG PREP ACAD,Oakland,Alameda,105.0,66.0,43.0,3.433333333,3.4786956520000003,3.788,,,0.6285714285714286,0.6515151515151515,0.4095238095238095,0.3546666669999996,0.3093043479999995,Pre-test-blind (2017-2019),99.0,55.0,18.0,3.433333333,3.478695652,3.788,,,0.5555555555555556,0.32727272727272727,0.18181818181818182,0.3546666669999996,0.30930434799999995,Post-test-blind (2022-2025),-0.07301587301587298,0.0,-4.440892098500626e-16,0.0,0.0,4.440892098500626e-16,-0.3242424242424242,-0.7264987636016587
48705814830196.0,MARE ISLAND TECHNOLOGY ACADEMY,Vallejo,Solano,100.0,69.0,39.0,3.805,3.785333333,3.8540000000000005,0.5480740685826312,100.0,0.69,0.5652173913043478,0.39,0.04900000000000038,0.06866666700000046,Pre-test-blind (2017-2019),83.0,50.0,27.0,3.805,3.785333333,3.854,0.5920248392876921,72.525,0.6024096385542169,0.54,0.3253012048192771,0.04899999999999993,0.06866666700000001,Post-test-blind (2022-2025),-0.08759036144578303,0.0,0.0,-4.440892098500626e-16,-4.440892098500626e-16,-4.440892098500626e-16,-0.025217391304347747,-0.7979861701250479
1611190130609.0,ALAMEDA COMMUNITY LEARNING CTR,Alameda,Alameda,58.0,43.0,26.0,3.862,,,0.2727287217376731,95.06666666666666,0.7413793103448276,0.6046511627906976,0.4482758620689655,,,Pre-test-blind (2017-2019),71.0,44.0,27.0,3.862,,,0.37096086082150354,88.325,0.6197183098591549,0.6136363636363636,0.38028169014084506,,,Post-test-blind (2022-2025),-0.12166100048567274,0.0,,,,,0.008985200845666008,-1.0251338116467603
43104390113431.0,UNIVERSITY PREP ACADEMY,San Jose,Santa Clara,170.0,129.0,72.0,3.742073171,3.888852459,3.970714286,0.1995695462479801,100.0,0.7588235294117647,0.5581395348837209,0.4235294117647059,0.22864111500000028,0.081861827,Pre-test-blind (2017-2019),322.0,225.0,114.0,3.742073171,3.888852459,3.970714286,0.2945815994696,100.0,0.6987577639751553,0.5066666666666667,0.35403726708074534,0.22864111500000028,0.081861827,Post-test-blind (2022-2025),-0.06006576543660935,0.0,0.0,0.0,0.0,0.0,-0.05147286821705421,-1.0778416252633871
